"INDICATOR","Indicator","LOCATION","Country","TIME","Time","Value","Flag Codes","Flags"
"220222","Number of all national feature films exhibited","AUS","Australia","2011","2011",48,,
"220222","Number of all national feature films exhibited","AUS","Australia","2012","2012",45,,
"220222","Number of all national feature films exhibited","AUS","Australia","2013","2013",40,,
"220222","Number of all national feature films exhibited","AUS","Australia","2014","2014",59,,
"220222","Number of all national feature films exhibited","AUS","Australia","2015","2015",49,,
"220222","Number of all national feature films exhibited","AUS","Australia","2016","2016",65,,
"220222","Number of all national feature films exhibited","AUS","Australia","2017","2017",74,,
"220222","Number of all national feature films exhibited","AUT","Austria","2012","2012",61,,
"220222","Number of all national feature films exhibited","AUT","Austria","2013","2013",53,,
"220222","Number of all national feature films exhibited","AUT","Austria","2014","2014",53,,
"220222","Number of all national feature films exhibited","AUT","Austria","2015","2015",48,,
"220222","Number of all national feature films exhibited","AUT","Austria","2016","2016",51,,
"220222","Number of all national feature films exhibited","AUT","Austria","2017","2017",53,,
"220222","Number of all national feature films exhibited","CAN","Canada","2011","2011",116,,
"220222","Number of all national feature films exhibited","CAN","Canada","2012","2012",152,,
"220222","Number of all national feature films exhibited","CAN","Canada","2013","2013",173,,
"220222","Number of all national feature films exhibited","CAN","Canada","2014","2014",173,,
"220222","Number of all national feature films exhibited","CAN","Canada","2015","2015",147,,
"220222","Number of all national feature films exhibited","CAN","Canada","2016","2016",170,,
"220222","Number of all national feature films exhibited","CAN","Canada","2017","2017",167,,
"220222","Number of all national feature films exhibited","CZE","Czechia","2011","2011",408,,
"220222","Number of all national feature films exhibited","CZE","Czechia","2012","2012",407,,
"220222","Number of all national feature films exhibited","CZE","Czechia","2013","2013",403,,
"220222","Number of all national feature films exhibited","CZE","Czechia","2014","2014",298,,
"220222","Number of all national feature films exhibited","CZE","Czechia","2015","2015",417,,
"220222","Number of all national feature films exhibited","CZE","Czechia","2016","2016",441,,
"220222","Number of all national feature films exhibited","CZE","Czechia","2017","2017",445,,
"220222","Number of all national feature films exhibited","DNK","Denmark","2011","2011",110,,
"220222","Number of all national feature films exhibited","DNK","Denmark","2012","2012",85,,
"220222","Number of all national feature films exhibited","DNK","Denmark","2013","2013",70,,
"220222","Number of all national feature films exhibited","DNK","Denmark","2014","2014",70,,
"220222","Number of all national feature films exhibited","DNK","Denmark","2015","2015",80,,
"220222","Number of all national feature films exhibited","DNK","Denmark","2016","2016",82,,
"220222","Number of all national feature films exhibited","DNK","Denmark","2017","2017",82,,
"220222","Number of all national feature films exhibited","FIN","Finland","2011","2011",88,,
"220222","Number of all national feature films exhibited","FIN","Finland","2012","2012",72,,
"220222","Number of all national feature films exhibited","FIN","Finland","2013","2013",77,,
"220222","Number of all national feature films exhibited","FIN","Finland","2014","2014",89,,
"220222","Number of all national feature films exhibited","FIN","Finland","2015","2015",75,,
"220222","Number of all national feature films exhibited","FIN","Finland","2016","2016",80,,
"220222","Number of all national feature films exhibited","FIN","Finland","2017","2017",87,,
"220222","Number of all national feature films exhibited","FRA","France","2011","2011",2534,,
"220222","Number of all national feature films exhibited","FRA","France","2012","2012",2735,,
"220222","Number of all national feature films exhibited","FRA","France","2013","2013",2800,,
"220222","Number of all national feature films exhibited","FRA","France","2014","2014",2911,,
"220222","Number of all national feature films exhibited","FRA","France","2015","2015",3081,,
"220222","Number of all national feature films exhibited","FRA","France","2016","2016",3317,,
"220222","Number of all national feature films exhibited","FRA","France","2017","2017",3452,,
"220222","Number of all national feature films exhibited","DEU","Germany","2011","2011",1067,,
"220222","Number of all national feature films exhibited","DEU","Germany","2012","2012",1094,,
"220222","Number of all national feature films exhibited","DEU","Germany","2013","2013",1025,,
"220222","Number of all national feature films exhibited","DEU","Germany","2014","2014",1015,,
"220222","Number of all national feature films exhibited","DEU","Germany","2015","2015",1053,,
"220222","Number of all national feature films exhibited","DEU","Germany","2016","2016",1065,,
"220222","Number of all national feature films exhibited","DEU","Germany","2017","2017",1039,,
"220222","Number of all national feature films exhibited","HUN","Hungary","2014","2014",39,,
"220222","Number of all national feature films exhibited","HUN","Hungary","2015","2015",48,,
"220222","Number of all national feature films exhibited","HUN","Hungary","2016","2016",106,,
"220222","Number of all national feature films exhibited","HUN","Hungary","2017","2017",143,,
"220222","Number of all national feature films exhibited","ISL","Iceland","2012","2012",10,,
"220222","Number of all national feature films exhibited","ISL","Iceland","2013","2013",7,,
"220222","Number of all national feature films exhibited","IRL","Ireland","2011","2011",16,,
"220222","Number of all national feature films exhibited","IRL","Ireland","2012","2012",19,,
"220222","Number of all national feature films exhibited","IRL","Ireland","2013","2013",26,,
"220222","Number of all national feature films exhibited","IRL","Ireland","2014","2014",22,,
"220222","Number of all national feature films exhibited","IRL","Ireland","2015","2015",28,,
"220222","Number of all national feature films exhibited","ITA","Italy","2012","2012",260,,
"220222","Number of all national feature films exhibited","ITA","Italy","2013","2013",283,,
"220222","Number of all national feature films exhibited","ITA","Italy","2014","2014",379,,
"220222","Number of all national feature films exhibited","ITA","Italy","2015","2015",400,,
"220222","Number of all national feature films exhibited","JPN","Japan","2011","2011",441,,
"220222","Number of all national feature films exhibited","JPN","Japan","2012","2012",554,,
"220222","Number of all national feature films exhibited","JPN","Japan","2013","2013",591,,
"220222","Number of all national feature films exhibited","JPN","Japan","2014","2014",615,,
"220222","Number of all national feature films exhibited","JPN","Japan","2015","2015",581,,
"220222","Number of all national feature films exhibited","JPN","Japan","2016","2016",610,"‡","UIS Estimation"
"220222","Number of all national feature films exhibited","JPN","Japan","2017","2017",594,"‡","UIS Estimation"
"220222","Number of all national feature films exhibited","KOR","Republic of Korea","2011","2011",150,,
"220222","Number of all national feature films exhibited","KOR","Republic of Korea","2012","2012",175,"‡","UIS Estimation"
"220222","Number of all national feature films exhibited","KOR","Republic of Korea","2013","2013",183,"‡","UIS Estimation"
"220222","Number of all national feature films exhibited","KOR","Republic of Korea","2014","2014",232,"‡","UIS Estimation"
"220222","Number of all national feature films exhibited","KOR","Republic of Korea","2015","2015",232,"‡","UIS Estimation"
"220222","Number of all national feature films exhibited","MEX","Mexico","2011","2011",112,,
"220222","Number of all national feature films exhibited","MEX","Mexico","2012","2012",94,,
"220222","Number of all national feature films exhibited","MEX","Mexico","2013","2013",153,,
"220222","Number of all national feature films exhibited","MEX","Mexico","2014","2014",107,,
"220222","Number of all national feature films exhibited","MEX","Mexico","2015","2015",112,,
"220222","Number of all national feature films exhibited","MEX","Mexico","2016","2016",90,,
"220222","Number of all national feature films exhibited","MEX","Mexico","2017","2017",88,,
"220222","Number of all national feature films exhibited","NLD","Netherlands","2012","2012",63,,
"220222","Number of all national feature films exhibited","NLD","Netherlands","2013","2013",48,,
"220222","Number of all national feature films exhibited","NLD","Netherlands","2014","2014",57,,
"220222","Number of all national feature films exhibited","NLD","Netherlands","2015","2015",61,,
"220222","Number of all national feature films exhibited","NLD","Netherlands","2016","2016",58,,
"220222","Number of all national feature films exhibited","NLD","Netherlands","2017","2017",58,,
"220222","Number of all national feature films exhibited","NOR","Norway","2011","2011",95,,
"220222","Number of all national feature films exhibited","NOR","Norway","2012","2012",73,,
"220222","Number of all national feature films exhibited","NOR","Norway","2013","2013",76,,
"220222","Number of all national feature films exhibited","NOR","Norway","2014","2014",98,,
"220222","Number of all national feature films exhibited","NOR","Norway","2015","2015",107,,
"220222","Number of all national feature films exhibited","PRT","Portugal","2011","2011",128,,
"220222","Number of all national feature films exhibited","PRT","Portugal","2012","2012",122,,
"220222","Number of all national feature films exhibited","PRT","Portugal","2013","2013",131,,
"220222","Number of all national feature films exhibited","PRT","Portugal","2014","2014",159,,
"220222","Number of all national feature films exhibited","PRT","Portugal","2015","2015",133,,
"220222","Number of all national feature films exhibited","PRT","Portugal","2016","2016",162,,
"220222","Number of all national feature films exhibited","PRT","Portugal","2017","2017",151,,
"220222","Number of all national feature films exhibited","SVK","Slovakia","2011","2011",38,,
"220222","Number of all national feature films exhibited","SVK","Slovakia","2012","2012",65,,
"220222","Number of all national feature films exhibited","SVK","Slovakia","2013","2013",79,,
"220222","Number of all national feature films exhibited","SVK","Slovakia","2014","2014",58,,
"220222","Number of all national feature films exhibited","SVK","Slovakia","2015","2015",66,,
"220222","Number of all national feature films exhibited","SVK","Slovakia","2016","2016",74,,
"220222","Number of all national feature films exhibited","SVK","Slovakia","2017","2017",84,,
"220222","Number of all national feature films exhibited","ESP","Spain","2011","2011",351,,
"220222","Number of all national feature films exhibited","ESP","Spain","2012","2012",322,,
"220222","Number of all national feature films exhibited","ESP","Spain","2013","2013",384,,
"220222","Number of all national feature films exhibited","ESP","Spain","2014","2014",401,,
"220222","Number of all national feature films exhibited","ESP","Spain","2015","2015",391,,
"220222","Number of all national feature films exhibited","ESP","Spain","2016","2016",451,,
"220222","Number of all national feature films exhibited","ESP","Spain","2017","2017",415,,
"220222","Number of all national feature films exhibited","SWE","Sweden","2011","2011",130,,
"220222","Number of all national feature films exhibited","SWE","Sweden","2012","2012",100,,
"220222","Number of all national feature films exhibited","SWE","Sweden","2013","2013",117,,
"220222","Number of all national feature films exhibited","SWE","Sweden","2014","2014",187,,
"220222","Number of all national feature films exhibited","SWE","Sweden","2015","2015",195,,
"220222","Number of all national feature films exhibited","SWE","Sweden","2016","2016",168,,
"220222","Number of all national feature films exhibited","CHE","Switzerland","2011","2011",244,,
"220222","Number of all national feature films exhibited","CHE","Switzerland","2012","2012",266,,
"220222","Number of all national feature films exhibited","CHE","Switzerland","2013","2013",234,,
"220222","Number of all national feature films exhibited","CHE","Switzerland","2014","2014",263,,
"220222","Number of all national feature films exhibited","CHE","Switzerland","2015","2015",261,,
"220222","Number of all national feature films exhibited","CHE","Switzerland","2016","2016",299,,
"220222","Number of all national feature films exhibited","CHE","Switzerland","2017","2017",287,,
"220222","Number of all national feature films exhibited","TUR","Türkiye","2011","2011",122,,
"220222","Number of all national feature films exhibited","TUR","Türkiye","2012","2012",110,,
"220222","Number of all national feature films exhibited","TUR","Türkiye","2013","2013",144,,
"220222","Number of all national feature films exhibited","TUR","Türkiye","2016","2016",179,,
"220222","Number of all national feature films exhibited","TUR","Türkiye","2017","2017",192,,
"220222","Number of all national feature films exhibited","GBR","United Kingdom of Great Britain and Northern Ireland","2011","2011",127,,
"220222","Number of all national feature films exhibited","GBR","United Kingdom of Great Britain and Northern Ireland","2012","2012",162,,
"220222","Number of all national feature films exhibited","GBR","United Kingdom of Great Britain and Northern Ireland","2013","2013",139,,
"220222","Number of all national feature films exhibited","GBR","United Kingdom of Great Britain and Northern Ireland","2014","2014",156,,
"220222","Number of all national feature films exhibited","GBR","United Kingdom of Great Britain and Northern Ireland","2015","2015",209,,
"220222","Number of all national feature films exhibited","GBR","United Kingdom of Great Britain and Northern Ireland","2016","2016",156,,
"220222","Number of all national feature films exhibited","GBR","United Kingdom of Great Britain and Northern Ireland","2017","2017",139,,
"220222","Number of all national feature films exhibited","BOL","Bolivia (Plurinational State of)","2014","2014",1,,
"220222","Number of all national feature films exhibited","BOL","Bolivia (Plurinational State of)","2015","2015",6,,
"220222","Number of all national feature films exhibited","BRA","Brazil","2011","2011",164,,
"220222","Number of all national feature films exhibited","BRA","Brazil","2012","2012",137,,
"220222","Number of all national feature films exhibited","BRA","Brazil","2013","2013",167,,
"220222","Number of all national feature films exhibited","BRA","Brazil","2014","2014",180,,
"220222","Number of all national feature films exhibited","BRA","Brazil","2015","2015",209,,
"220222","Number of all national feature films exhibited","BRA","Brazil","2016","2016",217,,
"220222","Number of all national feature films exhibited","BRA","Brazil","2017","2017",225,,
"220222","Number of all national feature films exhibited","BGR","Bulgaria","2011","2011",19,,
"220222","Number of all national feature films exhibited","BGR","Bulgaria","2012","2012",26,,
"220222","Number of all national feature films exhibited","BGR","Bulgaria","2013","2013",17,,
"220222","Number of all national feature films exhibited","BGR","Bulgaria","2014","2014",29,,
"220222","Number of all national feature films exhibited","BGR","Bulgaria","2015","2015",21,,
"220222","Number of all national feature films exhibited","BGR","Bulgaria","2016","2016",25,,
"220222","Number of all national feature films exhibited","BGR","Bulgaria","2017","2017",30,,
"220222","Number of all national feature films exhibited","BFA","Burkina Faso","2015","2015",54,,
"220222","Number of all national feature films exhibited","CHL","Chile","2011","2011",26,,
"220222","Number of all national feature films exhibited","CHL","Chile","2012","2012",36,,
"220222","Number of all national feature films exhibited","CHL","Chile","2013","2013",37,,
"220222","Number of all national feature films exhibited","CHL","Chile","2014","2014",52,,
"220222","Number of all national feature films exhibited","CHL","Chile","2015","2015",39,,
"220222","Number of all national feature films exhibited","CHL","Chile","2016","2016",18,,
"220222","Number of all national feature films exhibited","CHL","Chile","2017","2017",28,,
"220222","Number of all national feature films exhibited","EGY","Egypt","2012","2012",25,,
"220222","Number of all national feature films exhibited","EGY","Egypt","2013","2013",33,,
"220222","Number of all national feature films exhibited","EGY","Egypt","2016","2016",16,,
"220222","Number of all national feature films exhibited","EST","Estonia","2011","2011",40,,
"220222","Number of all national feature films exhibited","EST","Estonia","2012","2012",28,,
"220222","Number of all national feature films exhibited","EST","Estonia","2013","2013",50,,
"220222","Number of all national feature films exhibited","EST","Estonia","2014","2014",28,,
"220222","Number of all national feature films exhibited","EST","Estonia","2015","2015",64,,
"220222","Number of all national feature films exhibited","EST","Estonia","2016","2016",21,,
"220222","Number of all national feature films exhibited","EST","Estonia","2017","2017",28,,
"220222","Number of all national feature films exhibited","GAB","Gabon","2016","2016",,"n","Magnitude nil or negligible"
"220222","Number of all national feature films exhibited","GAB","Gabon","2017","2017",,"n","Magnitude nil or negligible"
"220222","Number of all national feature films exhibited","ISR","Israel","2012","2012",40,,
"220222","Number of all national feature films exhibited","ISR","Israel","2013","2013",55,,
"220222","Number of all national feature films exhibited","KGZ","Kyrgyzstan","2011","2011",,"n","Magnitude nil or negligible"
"220222","Number of all national feature films exhibited","KGZ","Kyrgyzstan","2012","2012",36,,
"220222","Number of all national feature films exhibited","KGZ","Kyrgyzstan","2013","2013",42,,
"220222","Number of all national feature films exhibited","KGZ","Kyrgyzstan","2016","2016",1,,
"220222","Number of all national feature films exhibited","KGZ","Kyrgyzstan","2017","2017",1,,
"220222","Number of all national feature films exhibited","LAO","Lao People's Democratic Republic","2011","2011",32,,
"220222","Number of all national feature films exhibited","LAO","Lao People's Democratic Republic","2012","2012",2,,
"220222","Number of all national feature films exhibited","LAO","Lao People's Democratic Republic","2013","2013",2,,
"220222","Number of all national feature films exhibited","LAO","Lao People's Democratic Republic","2014","2014",4,,
"220222","Number of all national feature films exhibited","LAO","Lao People's Democratic Republic","2015","2015",2,,
"220222","Number of all national feature films exhibited","LAO","Lao People's Democratic Republic","2016","2016",6,,
"220222","Number of all national feature films exhibited","LAO","Lao People's Democratic Republic","2017","2017",6,,
"220222","Number of all national feature films exhibited","LVA","Latvia","2011","2011",16,,
"220222","Number of all national feature films exhibited","LVA","Latvia","2014","2014",98,,
"220222","Number of all national feature films exhibited","LVA","Latvia","2015","2015",66,,
"220222","Number of all national feature films exhibited","LVA","Latvia","2016","2016",33,,
"220222","Number of all national feature films exhibited","LVA","Latvia","2017","2017",28,,
"220222","Number of all national feature films exhibited","LTU","Lithuania","2012","2012",14,,
"220222","Number of all national feature films exhibited","LTU","Lithuania","2013","2013",18,,
"220222","Number of all national feature films exhibited","LTU","Lithuania","2014","2014",21,,
"220222","Number of all national feature films exhibited","LTU","Lithuania","2015","2015",21,,
"220222","Number of all national feature films exhibited","LTU","Lithuania","2016","2016",17,,
"220222","Number of all national feature films exhibited","LTU","Lithuania","2017","2017",15,,
"220222","Number of all national feature films exhibited","MKD","North Macedonia","2011","2011",115,,
"220222","Number of all national feature films exhibited","MKD","North Macedonia","2012","2012",88,,
"220222","Number of all national feature films exhibited","MKD","North Macedonia","2013","2013",99,,
"220222","Number of all national feature films exhibited","MKD","North Macedonia","2016","2016",14,,
"220222","Number of all national feature films exhibited","MKD","North Macedonia","2017","2017",15,,
"220222","Number of all national feature films exhibited","MYS","Malaysia","2016","2016",47,,
"220222","Number of all national feature films exhibited","MYS","Malaysia","2017","2017",59,,
"220222","Number of all national feature films exhibited","MLT","Malta","2011","2011",4,,
"220222","Number of all national feature films exhibited","MLT","Malta","2013","2013",4,,
"220222","Number of all national feature films exhibited","MLT","Malta","2014","2014",5,,
"220222","Number of all national feature films exhibited","MLT","Malta","2015","2015",7,,
"220222","Number of all national feature films exhibited","MLT","Malta","2016","2016",7,,
"220222","Number of all national feature films exhibited","MLT","Malta","2017","2017",5,,
"220222","Number of all national feature films exhibited","MDA","Republic of Moldova","2012","2012",1,,
"220222","Number of all national feature films exhibited","MDA","Republic of Moldova","2013","2013",3,,
"220222","Number of all national feature films exhibited","MDA","Republic of Moldova","2016","2016",,"n","Magnitude nil or negligible"
"220222","Number of all national feature films exhibited","MDA","Republic of Moldova","2017","2017",,"n","Magnitude nil or negligible"
"220222","Number of all national feature films exhibited","MAR","Morocco","2011","2011",47,,
"220222","Number of all national feature films exhibited","MAR","Morocco","2012","2012",47,,
"220222","Number of all national feature films exhibited","MAR","Morocco","2013","2013",42,,
"220222","Number of all national feature films exhibited","MAR","Morocco","2014","2014",45,,
"220222","Number of all national feature films exhibited","MAR","Morocco","2015","2015",60,,
"220222","Number of all national feature films exhibited","MAR","Morocco","2016","2016",68,,
"220222","Number of all national feature films exhibited","MAR","Morocco","2017","2017",74,,
"220222","Number of all national feature films exhibited","ROU","Romania","2011","2011",72,,
"220222","Number of all national feature films exhibited","ROU","Romania","2014","2014",82,,
"220222","Number of all national feature films exhibited","ROU","Romania","2015","2015",57,,
"220222","Number of all national feature films exhibited","ROU","Romania","2016","2016",64,,
"220222","Number of all national feature films exhibited","ROU","Romania","2017","2017",66,,
"220222","Number of all national feature films exhibited","SGP","Singapore","2011","2011",10,,
"220222","Number of all national feature films exhibited","SVN","Slovenia","2011","2011",16,,
"220222","Number of all national feature films exhibited","SVN","Slovenia","2012","2012",23,,
"220222","Number of all national feature films exhibited","SVN","Slovenia","2013","2013",36,,
"220222","Number of all national feature films exhibited","SVN","Slovenia","2014","2014",30,,
"220222","Number of all national feature films exhibited","SVN","Slovenia","2015","2015",30,,
"220222","Number of all national feature films exhibited","SVN","Slovenia","2016","2016",19,,
"220222","Number of all national feature films exhibited","SVN","Slovenia","2017","2017",29,,
"220222","Number of all national feature films exhibited","UKR","Ukraine","2011","2011",49,,
"220222","Number of all national feature films exhibited","UKR","Ukraine","2012","2012",46,,
"220222","Number of all national feature films exhibited","UKR","Ukraine","2013","2013",65,,
"220222","Number of all national feature films exhibited","UKR","Ukraine","2014","2014",43,,
"220222","Number of all national feature films exhibited","UKR","Ukraine","2015","2015",51,,
"220222","Number of all national feature films exhibited","UKR","Ukraine","2016","2016",48,,
"220222","Number of all national feature films exhibited","UKR","Ukraine","2017","2017",54,,
"220222","Number of all national feature films exhibited","MAC","China, Macao Special Administrative Region","2011","2011",1,,
"220222","Number of all national feature films exhibited","MAC","China, Macao Special Administrative Region","2012","2012",1,,
"220222","Number of all national feature films exhibited","MAC","China, Macao Special Administrative Region","2013","2013",4,,
"220222","Number of all national feature films exhibited","MAC","China, Macao Special Administrative Region","2014","2014",7,,
"220222","Number of all national feature films exhibited","MAC","China, Macao Special Administrative Region","2015","2015",4,,
"220222","Number of all national feature films exhibited","MAC","China, Macao Special Administrative Region","2016","2016",10,,
"220222","Number of all national feature films exhibited","MAC","China, Macao Special Administrative Region","2017","2017",19,,
"220222","Number of all national feature films exhibited","SRB","Serbia","2011","2011",21,,
"220222","Number of all national feature films exhibited","SRB","Serbia","2012","2012",19,,
"220222","Number of all national feature films exhibited","SRB","Serbia","2013","2013",16,,
"220222","Number of all national feature films exhibited","SRB","Serbia","2014","2014",16,,
"220222","Number of all national feature films exhibited","SRB","Serbia","2015","2015",25,,
"220222","Number of all national feature films exhibited","SRB","Serbia","2016","2016",31,,
"220222","Number of all national feature films exhibited","SRB","Serbia","2017","2017",22,,
"220222","Number of all national feature films exhibited","BEL","Belgium","2013","2013",23,,
"220222","Number of all national feature films exhibited","BEL","Belgium","2016","2016",34,,
"220222","Number of all national feature films exhibited","BEL","Belgium","2017","2017",45,,
"220222","Number of all national feature films exhibited","LUX","Luxembourg","2011","2011",18,,
"220222","Number of all national feature films exhibited","ABW","Aruba","2011","2011",,"n","Magnitude nil or negligible"
"220222","Number of all national feature films exhibited","AZE","Azerbaijan","2011","2011",166,,
"220222","Number of all national feature films exhibited","AZE","Azerbaijan","2012","2012",157,,
"220222","Number of all national feature films exhibited","AZE","Azerbaijan","2013","2013",189,,
"220222","Number of all national feature films exhibited","AZE","Azerbaijan","2014","2014",143,,
"220222","Number of all national feature films exhibited","AZE","Azerbaijan","2015","2015",166,,
"220222","Number of all national feature films exhibited","AZE","Azerbaijan","2016","2016",153,,
"220222","Number of all national feature films exhibited","AZE","Azerbaijan","2017","2017",215,,
"220222","Number of all national feature films exhibited","BLR","Belarus","2011","2011",1,,
"220222","Number of all national feature films exhibited","BTN","Bhutan","2011","2011",45,,
"220222","Number of all national feature films exhibited","COL","Colombia","2011","2011",18,,
"220222","Number of all national feature films exhibited","COL","Colombia","2012","2012",40,,
"220222","Number of all national feature films exhibited","COL","Colombia","2013","2013",28,,
"220222","Number of all national feature films exhibited","COL","Colombia","2014","2014",38,,
"220222","Number of all national feature films exhibited","COL","Colombia","2015","2015",56,,
"220222","Number of all national feature films exhibited","COL","Colombia","2016","2016",71,,
"220222","Number of all national feature films exhibited","COL","Colombia","2017","2017",83,,
"220222","Number of all national feature films exhibited","GUY","Guyana","2011","2011",9,,
"220222","Number of all national feature films exhibited","MLI","Mali","2011","2011",1,,
"220222","Number of all national feature films exhibited","MUS","Mauritius","2011","2011",1,,
"220222","Number of all national feature films exhibited","MUS","Mauritius","2014","2014",,"n","Magnitude nil or negligible"
"220222","Number of all national feature films exhibited","MUS","Mauritius","2015","2015",,"n","Magnitude nil or negligible"
"220222","Number of all national feature films exhibited","MUS","Mauritius","2016","2016",,"n","Magnitude nil or negligible"
"220222","Number of all national feature films exhibited","MUS","Mauritius","2017","2017",,"n","Magnitude nil or negligible"
"220222","Number of all national feature films exhibited","NER","Niger","2011","2011",2,,
"220222","Number of all national feature films exhibited","NGA","Nigeria","2011","2011",27,,
"220222","Number of all national feature films exhibited","SEN","Senegal","2011","2011",8,,
"220222","Number of all national feature films exhibited","SEN","Senegal","2012","2012",8,,
"220222","Number of all national feature films exhibited","SEN","Senegal","2013","2013",9,,
"220222","Number of all national feature films exhibited","SEN","Senegal","2014","2014",15,,
"220222","Number of all national feature films exhibited","SEN","Senegal","2015","2015",23,,
"220222","Number of all national feature films exhibited","SEN","Senegal","2016","2016",7,,
"220222","Number of all national feature films exhibited","SEN","Senegal","2017","2017",9,,
"220222","Number of all national feature films exhibited","ZAF","South Africa","2011","2011",22,,
"220222","Number of all national feature films exhibited","ZAF","South Africa","2012","2012",19,,
"220222","Number of all national feature films exhibited","ZAF","South Africa","2013","2013",25,,
"220222","Number of all national feature films exhibited","VEN","Venezuela (Bolivarian Republic of)","2011","2011",43,,
"220222","Number of all national feature films exhibited","VEN","Venezuela (Bolivarian Republic of)","2012","2012",40,,
"220222","Number of all national feature films exhibited","VEN","Venezuela (Bolivarian Republic of)","2013","2013",62,,
"220222","Number of all national feature films exhibited","VEN","Venezuela (Bolivarian Republic of)","2016","2016",167,,
"220222","Number of all national feature films exhibited","VEN","Venezuela (Bolivarian Republic of)","2017","2017",141,,
"220222","Number of all national feature films exhibited","GEO","Georgia","2012","2012",8,,
"220222","Number of all national feature films exhibited","GEO","Georgia","2013","2013",13,,
"220222","Number of all national feature films exhibited","GEO","Georgia","2014","2014",17,,
"220222","Number of all national feature films exhibited","GEO","Georgia","2015","2015",19,,
"220222","Number of all national feature films exhibited","GEO","Georgia","2016","2016",17,,
"220222","Number of all national feature films exhibited","GEO","Georgia","2017","2017",19,,
"220222","Number of all national feature films exhibited","NZL","New Zealand","2012","2012",24,,
"220222","Number of all national feature films exhibited","NZL","New Zealand","2013","2013",25,,
"220222","Number of all national feature films exhibited","NZL","New Zealand","2014","2014",9,,
"220222","Number of all national feature films exhibited","NZL","New Zealand","2015","2015",10,,
"220222","Number of all national feature films exhibited","CRI","Costa Rica","2012","2012",3,,
"220222","Number of all national feature films exhibited","CRI","Costa Rica","2013","2013",2,,
"220222","Number of all national feature films exhibited","CRI","Costa Rica","2014","2014",13,,
"220222","Number of all national feature films exhibited","CRI","Costa Rica","2015","2015",14,,
"220222","Number of all national feature films exhibited","CRI","Costa Rica","2016","2016",2,,
"220222","Number of all national feature films exhibited","CRI","Costa Rica","2017","2017",13,,
"220222","Number of all national feature films exhibited","ERI","Eritrea","2012","2012",52,,
"220222","Number of all national feature films exhibited","ERI","Eritrea","2013","2013",52,,
"220222","Number of all national feature films exhibited","ERI","Eritrea","2014","2014",52,,
"220222","Number of all national feature films exhibited","ERI","Eritrea","2015","2015",52,,
"220222","Number of all national feature films exhibited","ERI","Eritrea","2016","2016",42,,
"220222","Number of all national feature films exhibited","ERI","Eritrea","2017","2017",38,,
"220222","Number of all national feature films exhibited","BHR","Bahrain","2012","2012",,"+; n","National Estimation; Magnitude nil or negligible"
"220222","Number of all national feature films exhibited","BHR","Bahrain","2013","2013",,"+; n","National Estimation; Magnitude nil or negligible"
"220222","Number of all national feature films exhibited","GMB","Gambia","2012","2012",,"n","Magnitude nil or negligible"
"220222","Number of all national feature films exhibited","GMB","Gambia","2013","2013",,"n","Magnitude nil or negligible"
"220222","Number of all national feature films exhibited","LKA","Sri Lanka","2012","2012",20,"+","National Estimation"
"220222","Number of all national feature films exhibited","LKA","Sri Lanka","2013","2013",22,"+","National Estimation"
"220222","Number of all national feature films exhibited","GRC","Greece","2012","2012",44,,
"220222","Number of all national feature films exhibited","GRC","Greece","2013","2013",69,,
"220222","Number of all national feature films exhibited","GRC","Greece","2014","2014",43,,
"220222","Number of all national feature films exhibited","GRC","Greece","2015","2015",41,,
"220222","Number of all national feature films exhibited","GRC","Greece","2016","2016",22,,
"220222","Number of all national feature films exhibited","GRC","Greece","2017","2017",23,,
"220222","Number of all national feature films exhibited","HND","Honduras","2012","2012",2,,
"220222","Number of all national feature films exhibited","HND","Honduras","2013","2013",2,,
"220222","Number of all national feature films exhibited","HND","Honduras","2015","2015",4,,
"220222","Number of all national feature films exhibited","HND","Honduras","2016","2016",6,,
"220222","Number of all national feature films exhibited","HND","Honduras","2017","2017",12,,
"220222","Number of all national feature films exhibited","ARG","Argentina","2012","2012",333,,
"220222","Number of all national feature films exhibited","ARG","Argentina","2013","2013",363,,
"220222","Number of all national feature films exhibited","ARG","Argentina","2014","2014",398,,
"220222","Number of all national feature films exhibited","ARG","Argentina","2015","2015",372,,
"220222","Number of all national feature films exhibited","BIH","Bosnia and Herzegovina","2014","2014",4,,
"220222","Number of all national feature films exhibited","BDI","Burundi","2014","2014",,"n","Magnitude nil or negligible"
"220222","Number of all national feature films exhibited","BDI","Burundi","2015","2015",,"n","Magnitude nil or negligible"
"220222","Number of all national feature films exhibited","BDI","Burundi","2016","2016",,"a","Category not applicable"
"220222","Number of all national feature films exhibited","BDI","Burundi","2017","2017",,"a","Category not applicable"
"220222","Number of all national feature films exhibited","KHM","Cambodia","2014","2014",22,,
"220222","Number of all national feature films exhibited","KHM","Cambodia","2015","2015",32,,
"220222","Number of all national feature films exhibited","KHM","Cambodia","2016","2016",38,,
"220222","Number of all national feature films exhibited","KHM","Cambodia","2017","2017",34,,
"220222","Number of all national feature films exhibited","CYP","Cyprus","2015","2015",,"n","Magnitude nil or negligible"
"220222","Number of all national feature films exhibited","ECU","Ecuador","2014","2014",36,,
"220222","Number of all national feature films exhibited","ECU","Ecuador","2015","2015",32,,
"220222","Number of all national feature films exhibited","IRN","Iran (Islamic Republic of)","2014","2014",163,,
"220222","Number of all national feature films exhibited","IRN","Iran (Islamic Republic of)","2015","2015",188,,
"220222","Number of all national feature films exhibited","IRN","Iran (Islamic Republic of)","2016","2016",197,,
"220222","Number of all national feature films exhibited","IRN","Iran (Islamic Republic of)","2017","2017",210,,
"220222","Number of all national feature films exhibited","MDG","Madagascar","2014","2014",4,,
"220222","Number of all national feature films exhibited","MHL","Marshall Islands","2014","2014",,"n","Magnitude nil or negligible"
"220222","Number of all national feature films exhibited","MHL","Marshall Islands","2015","2015",1,,
"220222","Number of all national feature films exhibited","MHL","Marshall Islands","2016","2016",1,,
"220222","Number of all national feature films exhibited","MHL","Marshall Islands","2017","2017",,"n","Magnitude nil or negligible"
"220222","Number of all national feature films exhibited","PER","Peru","2014","2014",17,,
"220222","Number of all national feature films exhibited","PER","Peru","2015","2015",31,,
"220222","Number of all national feature films exhibited","PER","Peru","2016","2016",24,,
"220222","Number of all national feature films exhibited","PER","Peru","2017","2017",23,,
"220222","Number of all national feature films exhibited","SSD","South Sudan","2015","2015",26,,
"220222","Number of all national feature films exhibited","DZA","Algeria","2016","2016",39,,
"220222","Number of all national feature films exhibited","DZA","Algeria","2017","2017",73,,
"220222","Number of all national feature films exhibited","AND","Andorra","2016","2016",,"n","Magnitude nil or negligible"
"220222","Number of all national feature films exhibited","AND","Andorra","2017","2017",,"n","Magnitude nil or negligible"
"220222","Number of all national feature films exhibited","BGD","Bangladesh","2016","2016",23,,
"220222","Number of all national feature films exhibited","BGD","Bangladesh","2017","2017",31,,
"220222","Number of all national feature films exhibited","DOM","Dominican Republic","2014","2014",20,,
"220222","Number of all national feature films exhibited","DOM","Dominican Republic","2015","2015",20,,
"220222","Number of all national feature films exhibited","DOM","Dominican Republic","2016","2016",20,,
"220222","Number of all national feature films exhibited","DOM","Dominican Republic","2017","2017",30,,
"220222","Number of all national feature films exhibited","MOZ","Mozambique","2016","2016",,"n","Magnitude nil or negligible"
"220222","Number of all national feature films exhibited","MOZ","Mozambique","2017","2017",1,,
"220222","Number of all national feature films exhibited","QAT","Qatar","2016","2016",19,,
"220222","Number of all national feature films exhibited","QAT","Qatar","2017","2017",21,,
