"INDICATOR","Indicator","LOCATION","Country","TIME","Time","Value","Flag Codes","Flags"
"220062","Number of admissions for all foreign feature films exhibited","AUT","Austria","2012","2012",15810252,,
"220062","Number of admissions for all foreign feature films exhibited","AUT","Austria","2013","2013",14564134,,
"220062","Number of admissions for all foreign feature films exhibited","AUT","Austria","2014","2014",13618083,,
"220062","Number of admissions for all foreign feature films exhibited","AUT","Austria","2015","2015",15082284,,
"220062","Number of admissions for all foreign feature films exhibited","AUT","Austria","2016","2016",14381540,,
"220062","Number of admissions for all foreign feature films exhibited","AUT","Austria","2017","2017",13759906,,
"220062","Number of admissions for all foreign feature films exhibited","CZE","Czechia","2011","2011",7655111,,
"220062","Number of admissions for all foreign feature films exhibited","CZE","Czechia","2012","2012",8448806,,
"220062","Number of admissions for all foreign feature films exhibited","CZE","Czechia","2013","2013",8376862,,
"220062","Number of admissions for all foreign feature films exhibited","CZE","Czechia","2014","2014",8804539,,
"220062","Number of admissions for all foreign feature films exhibited","CZE","Czechia","2015","2015",10573581,,
"220062","Number of admissions for all foreign feature films exhibited","CZE","Czechia","2016","2016",11015058,,
"220062","Number of admissions for all foreign feature films exhibited","CZE","Czechia","2017","2017",11844654,,
"220062","Number of admissions for all foreign feature films exhibited","DNK","Denmark","2011","2011",9070000,,
"220062","Number of admissions for all foreign feature films exhibited","DNK","Denmark","2012","2012",9693000,,
"220062","Number of admissions for all foreign feature films exhibited","DNK","Denmark","2013","2013",8982000,,
"220062","Number of admissions for all foreign feature films exhibited","DNK","Denmark","2014","2014",8656000,,
"220062","Number of admissions for all foreign feature films exhibited","DNK","Denmark","2015","2015",9677000,,
"220062","Number of admissions for all foreign feature films exhibited","DNK","Denmark","2016","2016",10263000,,
"220062","Number of admissions for all foreign feature films exhibited","DNK","Denmark","2017","2017",9408000,,
"220062","Number of admissions for all foreign feature films exhibited","FIN","Finland","2011","2011",5914345,,
"220062","Number of admissions for all foreign feature films exhibited","FIN","Finland","2012","2012",6022380,,
"220062","Number of admissions for all foreign feature films exhibited","FIN","Finland","2013","2013",5903593,,
"220062","Number of admissions for all foreign feature films exhibited","FIN","Finland","2014","2014",5262475,,
"220062","Number of admissions for all foreign feature films exhibited","FIN","Finland","2015","2015",6136522,,
"220062","Number of admissions for all foreign feature films exhibited","FIN","Finland","2016","2016",6202145,,
"220062","Number of admissions for all foreign feature films exhibited","FIN","Finland","2017","2017",6402814,,
"220062","Number of admissions for all foreign feature films exhibited","FRA","France","2011","2011",127998827,,
"220062","Number of admissions for all foreign feature films exhibited","FRA","France","2012","2012",119660699,,
"220062","Number of admissions for all foreign feature films exhibited","FRA","France","2013","2013",126401092,,
"220062","Number of admissions for all foreign feature films exhibited","FRA","France","2014","2014",114248340,,
"220062","Number of admissions for all foreign feature films exhibited","FRA","France","2015","2015",130396017,,
"220062","Number of admissions for all foreign feature films exhibited","FRA","France","2016","2016",134199945,,
"220062","Number of admissions for all foreign feature films exhibited","FRA","France","2017","2017",128794950,,
"220062","Number of admissions for all foreign feature films exhibited","DEU","Germany","2011","2011",100400000,,
"220062","Number of admissions for all foreign feature films exhibited","DEU","Germany","2012","2012",108900000,,
"220062","Number of admissions for all foreign feature films exhibited","DEU","Germany","2013","2013",94500000,,
"220062","Number of admissions for all foreign feature films exhibited","DEU","Germany","2014","2014",88204284,,
"220062","Number of admissions for all foreign feature films exhibited","DEU","Germany","2015","2015",97916506,,
"220062","Number of admissions for all foreign feature films exhibited","DEU","Germany","2016","2016",94435946,,
"220062","Number of admissions for all foreign feature films exhibited","DEU","Germany","2017","2017",90241813,,
"220062","Number of admissions for all foreign feature films exhibited","HUN","Hungary","2014","2014",9629808,,
"220062","Number of admissions for all foreign feature films exhibited","HUN","Hungary","2015","2015",11937347,,
"220062","Number of admissions for all foreign feature films exhibited","HUN","Hungary","2016","2016",13748110,,
"220062","Number of admissions for all foreign feature films exhibited","HUN","Hungary","2017","2017",13272240,,
"220062","Number of admissions for all foreign feature films exhibited","ISL","Iceland","2012","2012",1314242,,
"220062","Number of admissions for all foreign feature films exhibited","ISL","Iceland","2013","2013",1359562,,
"220062","Number of admissions for all foreign feature films exhibited","ISL","Iceland","2014","2014",1157000,"‡","UIS Estimation"
"220062","Number of admissions for all foreign feature films exhibited","ISL","Iceland","2015","2015",1335600,"‡","UIS Estimation"
"220062","Number of admissions for all foreign feature films exhibited","ITA","Italy","2011","2011",63271834,,
"220062","Number of admissions for all foreign feature films exhibited","ITA","Italy","2012","2012",67150151,,
"220062","Number of admissions for all foreign feature films exhibited","ITA","Italy","2013","2013",67172150,,
"220062","Number of admissions for all foreign feature films exhibited","ITA","Italy","2014","2014",66693996,,
"220062","Number of admissions for all foreign feature films exhibited","ITA","Italy","2015","2015",78052547,,
"220062","Number of admissions for all foreign feature films exhibited","ITA","Italy","2016","2016",75130411,,
"220062","Number of admissions for all foreign feature films exhibited","ITA","Italy","2017","2017",75456740,,
"220062","Number of admissions for all foreign feature films exhibited","KOR","Republic of Korea","2011","2011",76920000,"‡","UIS Estimation"
"220062","Number of admissions for all foreign feature films exhibited","KOR","Republic of Korea","2012","2012",80277721,"‡","UIS Estimation"
"220062","Number of admissions for all foreign feature films exhibited","KOR","Republic of Korea","2013","2013",86055207,"‡","UIS Estimation"
"220062","Number of admissions for all foreign feature films exhibited","KOR","Republic of Korea","2014","2014",107334900,,
"220062","Number of admissions for all foreign feature films exhibited","KOR","Republic of Korea","2015","2015",103869400,"‡","UIS Estimation"
"220062","Number of admissions for all foreign feature films exhibited","MEX","Mexico","2011","2011",191100000,,
"220062","Number of admissions for all foreign feature films exhibited","MEX","Mexico","2012","2012",217100000,,
"220062","Number of admissions for all foreign feature films exhibited","MEX","Mexico","2013","2013",217900000,,
"220062","Number of admissions for all foreign feature films exhibited","MEX","Mexico","2014","2014",216335970,,
"220062","Number of admissions for all foreign feature films exhibited","MEX","Mexico","2015","2015",268803778,,
"220062","Number of admissions for all foreign feature films exhibited","MEX","Mexico","2016","2016",290731848,,
"220062","Number of admissions for all foreign feature films exhibited","MEX","Mexico","2017","2017",315510136,,
"220062","Number of admissions for all foreign feature films exhibited","NLD","Netherlands","2011","2011",23651000,,
"220062","Number of admissions for all foreign feature films exhibited","NLD","Netherlands","2012","2012",25729000,,
"220062","Number of admissions for all foreign feature films exhibited","NLD","Netherlands","2013","2013",24551000,,
"220062","Number of admissions for all foreign feature films exhibited","NLD","Netherlands","2014","2014",24387000,,
"220062","Number of admissions for all foreign feature films exhibited","NLD","Netherlands","2015","2015",26760000,,
"220062","Number of admissions for all foreign feature films exhibited","NLD","Netherlands","2016","2016",29999149,,
"220062","Number of admissions for all foreign feature films exhibited","NLD","Netherlands","2017","2017",31685188,,
"220062","Number of admissions for all foreign feature films exhibited","NOR","Norway","2011","2011",8798157,,
"220062","Number of admissions for all foreign feature films exhibited","NOR","Norway","2012","2012",9959025,,
"220062","Number of admissions for all foreign feature films exhibited","NOR","Norway","2013","2013",9112552,,
"220062","Number of admissions for all foreign feature films exhibited","NOR","Norway","2014","2014",8287194,,
"220062","Number of admissions for all foreign feature films exhibited","NOR","Norway","2015","2015",9481089,,
"220062","Number of admissions for all foreign feature films exhibited","NOR","Norway","2016","2016",9981687,,
"220062","Number of admissions for all foreign feature films exhibited","NOR","Norway","2017","2017",9642284,,
"220062","Number of admissions for all foreign feature films exhibited","POL","Poland","2011","2011",28038656,,
"220062","Number of admissions for all foreign feature films exhibited","POL","Poland","2012","2012",30803095,,
"220062","Number of admissions for all foreign feature films exhibited","POL","Poland","2013","2013",29432494,,
"220062","Number of admissions for all foreign feature films exhibited","POL","Poland","2014","2014",30444879,,
"220062","Number of admissions for all foreign feature films exhibited","POL","Poland","2015","2015",37656827,,
"220062","Number of admissions for all foreign feature films exhibited","POL","Poland","2016","2016",39097057,,
"220062","Number of admissions for all foreign feature films exhibited","POL","Poland","2017","2017",43467571,,
"220062","Number of admissions for all foreign feature films exhibited","PRT","Portugal","2011","2011",15597207,,
"220062","Number of admissions for all foreign feature films exhibited","PRT","Portugal","2012","2012",13068481,,
"220062","Number of admissions for all foreign feature films exhibited","PRT","Portugal","2013","2013",12085777,,
"220062","Number of admissions for all foreign feature films exhibited","PRT","Portugal","2014","2014",11499110,,
"220062","Number of admissions for all foreign feature films exhibited","PRT","Portugal","2015","2015",13603918,,
"220062","Number of admissions for all foreign feature films exhibited","PRT","Portugal","2016","2016",14570468,,
"220062","Number of admissions for all foreign feature films exhibited","PRT","Portugal","2017","2017",15201530,,
"220062","Number of admissions for all foreign feature films exhibited","SVK","Slovakia","2011","2011",3240896,,
"220062","Number of admissions for all foreign feature films exhibited","SVK","Slovakia","2012","2012",3330704,,
"220062","Number of admissions for all foreign feature films exhibited","SVK","Slovakia","2013","2013",3562109,,
"220062","Number of admissions for all foreign feature films exhibited","SVK","Slovakia","2014","2014",3908621,,
"220062","Number of admissions for all foreign feature films exhibited","SVK","Slovakia","2015","2015",4314283,,
"220062","Number of admissions for all foreign feature films exhibited","SVK","Slovakia","2016","2016",5393924,,
"220062","Number of admissions for all foreign feature films exhibited","SVK","Slovakia","2017","2017",5427880,,
"220062","Number of admissions for all foreign feature films exhibited","ESP","Spain","2011","2011",82820568,,
"220062","Number of admissions for all foreign feature films exhibited","ESP","Spain","2012","2012",75873521,,
"220062","Number of admissions for all foreign feature films exhibited","ESP","Spain","2013","2013",67677411,,
"220062","Number of admissions for all foreign feature films exhibited","ESP","Spain","2014","2014",65576172,,
"220062","Number of admissions for all foreign feature films exhibited","ESP","Spain","2015","2015",77565146,,
"220062","Number of admissions for all foreign feature films exhibited","ESP","Spain","2016","2016",82985657,,
"220062","Number of admissions for all foreign feature films exhibited","ESP","Spain","2017","2017",82450067,,
"220062","Number of admissions for all foreign feature films exhibited","SWE","Sweden","2011","2011",13159396,,
"220062","Number of admissions for all foreign feature films exhibited","SWE","Sweden","2012","2012",14032912,,
"220062","Number of admissions for all foreign feature films exhibited","SWE","Sweden","2013","2013",12472110,,
"220062","Number of admissions for all foreign feature films exhibited","SWE","Sweden","2014","2014",11956691,,
"220062","Number of admissions for all foreign feature films exhibited","SWE","Sweden","2015","2015",13476910,,
"220062","Number of admissions for all foreign feature films exhibited","SWE","Sweden","2016","2016",14959198,,
"220062","Number of admissions for all foreign feature films exhibited","CHE","Switzerland","2011","2011",14258466,,
"220062","Number of admissions for all foreign feature films exhibited","CHE","Switzerland","2012","2012",14778780,,
"220062","Number of admissions for all foreign feature films exhibited","CHE","Switzerland","2013","2013",12827353,,
"220062","Number of admissions for all foreign feature films exhibited","CHE","Switzerland","2014","2014",12316210,,
"220062","Number of admissions for all foreign feature films exhibited","CHE","Switzerland","2015","2015",13627863,,
"220062","Number of admissions for all foreign feature films exhibited","CHE","Switzerland","2016","2016",12847237,,
"220062","Number of admissions for all foreign feature films exhibited","CHE","Switzerland","2017","2017",12639657,,
"220062","Number of admissions for all foreign feature films exhibited","TUR","Türkiye","2011","2011",21075959,,
"220062","Number of admissions for all foreign feature films exhibited","TUR","Türkiye","2012","2012",23448543,,
"220062","Number of admissions for all foreign feature films exhibited","TUR","Türkiye","2013","2013",21414227,,
"220062","Number of admissions for all foreign feature films exhibited","TUR","Türkiye","2014","2014",24989800,"‡","UIS Estimation"
"220062","Number of admissions for all foreign feature films exhibited","TUR","Türkiye","2015","2015",26136000,"‡","UIS Estimation"
"220062","Number of admissions for all foreign feature films exhibited","TUR","Türkiye","2016","2016",27114489,,
"220062","Number of admissions for all foreign feature films exhibited","TUR","Türkiye","2017","2017",30782652,,
"220062","Number of admissions for all foreign feature films exhibited","ARG","Argentina","2011","2011",38402895,,
"220062","Number of admissions for all foreign feature films exhibited","ARG","Argentina","2012","2012",41604660,,
"220062","Number of admissions for all foreign feature films exhibited","ARG","Argentina","2013","2013",40082116,,
"220062","Number of admissions for all foreign feature films exhibited","ARG","Argentina","2014","2014",37025772,,
"220062","Number of admissions for all foreign feature films exhibited","ARG","Argentina","2015","2015",44073918,,
"220062","Number of admissions for all foreign feature films exhibited","ARG","Argentina","2016","2016",43066543,,
"220062","Number of admissions for all foreign feature films exhibited","ARG","Argentina","2017","2017",42401009,,
"220062","Number of admissions for all foreign feature films exhibited","BLR","Belarus","2011","2011",10593051,,
"220062","Number of admissions for all foreign feature films exhibited","BRA","Brazil","2011","2011",126016823,,
"220062","Number of admissions for all foreign feature films exhibited","BRA","Brazil","2012","2012",130943514,,
"220062","Number of admissions for all foreign feature films exhibited","BRA","Brazil","2013","2013",121726237,,
"220062","Number of admissions for all foreign feature films exhibited","BRA","Brazil","2014","2014",136552287,,
"220062","Number of admissions for all foreign feature films exhibited","BRA","Brazil","2015","2015",150457506,,
"220062","Number of admissions for all foreign feature films exhibited","BRA","Brazil","2016","2016",153913521,,
"220062","Number of admissions for all foreign feature films exhibited","BRA","Brazil","2017","2017",163867894,,
"220062","Number of admissions for all foreign feature films exhibited","BGR","Bulgaria","2011","2011",4054029,,
"220062","Number of admissions for all foreign feature films exhibited","BGR","Bulgaria","2012","2012",3863231,,
"220062","Number of admissions for all foreign feature films exhibited","BGR","Bulgaria","2013","2013",4751627,,
"220062","Number of admissions for all foreign feature films exhibited","BGR","Bulgaria","2014","2014",4734197,,
"220062","Number of admissions for all foreign feature films exhibited","BGR","Bulgaria","2015","2015",5240269,,
"220062","Number of admissions for all foreign feature films exhibited","BGR","Bulgaria","2016","2016",5354843,,
"220062","Number of admissions for all foreign feature films exhibited","BGR","Bulgaria","2017","2017",5060923,,
"220062","Number of admissions for all foreign feature films exhibited","CHL","Chile","2011","2011",16222299,,
"220062","Number of admissions for all foreign feature films exhibited","CHL","Chile","2012","2012",17476593,,
"220062","Number of admissions for all foreign feature films exhibited","CHL","Chile","2013","2013",19251388,,
"220062","Number of admissions for all foreign feature films exhibited","CHL","Chile","2014","2014",20454302,,
"220062","Number of admissions for all foreign feature films exhibited","CHL","Chile","2015","2015",23614994,,
"220062","Number of admissions for all foreign feature films exhibited","CHL","Chile","2016","2016",25770655,,
"220062","Number of admissions for all foreign feature films exhibited","CHL","Chile","2017","2017",27368584,,
"220062","Number of admissions for all foreign feature films exhibited","COL","Colombia","2011","2011",35446377,,
"220062","Number of admissions for all foreign feature films exhibited","COL","Colombia","2012","2012",37335691,,
"220062","Number of admissions for all foreign feature films exhibited","COL","Colombia","2013","2013",41654007,,
"220062","Number of admissions for all foreign feature films exhibited","COL","Colombia","2014","2014",44733977,,
"220062","Number of admissions for all foreign feature films exhibited","COL","Colombia","2015","2015",55712507,,
"220062","Number of admissions for all foreign feature films exhibited","COL","Colombia","2016","2016",56953322,,
"220062","Number of admissions for all foreign feature films exhibited","COL","Colombia","2017","2017",58908589,,
"220062","Number of admissions for all foreign feature films exhibited","CRI","Costa Rica","2014","2014",5976481,,
"220062","Number of admissions for all foreign feature films exhibited","CRI","Costa Rica","2015","2015",7341106,,
"220062","Number of admissions for all foreign feature films exhibited","CRI","Costa Rica","2016","2016",7272967,,
"220062","Number of admissions for all foreign feature films exhibited","CRI","Costa Rica","2017","2017",7300127,,
"220062","Number of admissions for all foreign feature films exhibited","HRV","Croatia","2011","2011",3443172,,
"220062","Number of admissions for all foreign feature films exhibited","HRV","Croatia","2012","2012",3850790,,
"220062","Number of admissions for all foreign feature films exhibited","HRV","Croatia","2013","2013",3701896,,
"220062","Number of admissions for all foreign feature films exhibited","HRV","Croatia","2014","2014",3909276,,
"220062","Number of admissions for all foreign feature films exhibited","HRV","Croatia","2015","2015",4201374,,
"220062","Number of admissions for all foreign feature films exhibited","HRV","Croatia","2016","2016",4286078,,
"220062","Number of admissions for all foreign feature films exhibited","HRV","Croatia","2017","2017",4642614,,
"220062","Number of admissions for all foreign feature films exhibited","EST","Estonia","2011","2011",2110000,,
"220062","Number of admissions for all foreign feature films exhibited","EST","Estonia","2012","2012",2264004,,
"220062","Number of admissions for all foreign feature films exhibited","EST","Estonia","2013","2013",2410805,,
"220062","Number of admissions for all foreign feature films exhibited","EST","Estonia","2014","2014",2477139,,
"220062","Number of admissions for all foreign feature films exhibited","EST","Estonia","2015","2015",2742647,,
"220062","Number of admissions for all foreign feature films exhibited","EST","Estonia","2016","2016",2943714,,
"220062","Number of admissions for all foreign feature films exhibited","EST","Estonia","2017","2017",3228511,,
"220062","Number of admissions for all foreign feature films exhibited","GEO","Georgia","2012","2012",568303,,
"220062","Number of admissions for all foreign feature films exhibited","GEO","Georgia","2013","2013",476747,,
"220062","Number of admissions for all foreign feature films exhibited","GEO","Georgia","2014","2014",660545,,
"220062","Number of admissions for all foreign feature films exhibited","GEO","Georgia","2015","2015",688039,,
"220062","Number of admissions for all foreign feature films exhibited","GEO","Georgia","2016","2016",1126163,,
"220062","Number of admissions for all foreign feature films exhibited","GEO","Georgia","2017","2017",1220987,,
"220062","Number of admissions for all foreign feature films exhibited","IRN","Iran (Islamic Republic of)","2014","2014",,"n","Magnitude nil or negligible"
"220062","Number of admissions for all foreign feature films exhibited","IRN","Iran (Islamic Republic of)","2015","2015",,"n","Magnitude nil or negligible"
"220062","Number of admissions for all foreign feature films exhibited","IRN","Iran (Islamic Republic of)","2016","2016",2153126,,
"220062","Number of admissions for all foreign feature films exhibited","IRN","Iran (Islamic Republic of)","2017","2017",,"n","Magnitude nil or negligible"
"220062","Number of admissions for all foreign feature films exhibited","KAZ","Kazakhstan","2012","2012",12236100,,
"220062","Number of admissions for all foreign feature films exhibited","KAZ","Kazakhstan","2013","2013",12085578,,
"220062","Number of admissions for all foreign feature films exhibited","LAO","Lao People's Democratic Republic","2011","2011",162787,,
"220062","Number of admissions for all foreign feature films exhibited","LAO","Lao People's Democratic Republic","2012","2012",173250,,
"220062","Number of admissions for all foreign feature films exhibited","LAO","Lao People's Democratic Republic","2013","2013",138750,,
"220062","Number of admissions for all foreign feature films exhibited","LAO","Lao People's Democratic Republic","2014","2014",87630,,
"220062","Number of admissions for all foreign feature films exhibited","LAO","Lao People's Democratic Republic","2015","2015",154381,,
"220062","Number of admissions for all foreign feature films exhibited","LAO","Lao People's Democratic Republic","2016","2016",179900,,
"220062","Number of admissions for all foreign feature films exhibited","LAO","Lao People's Democratic Republic","2017","2017",180000,,
"220062","Number of admissions for all foreign feature films exhibited","LVA","Latvia","2014","2014",2135922,,
"220062","Number of admissions for all foreign feature films exhibited","LVA","Latvia","2015","2015",2274140,,
"220062","Number of admissions for all foreign feature films exhibited","LVA","Latvia","2016","2016",2330477,,
"220062","Number of admissions for all foreign feature films exhibited","LVA","Latvia","2017","2017",2282868,,
"220062","Number of admissions for all foreign feature films exhibited","LBN","Lebanon","2015","2015",3382000,"‡","UIS Estimation"
"220062","Number of admissions for all foreign feature films exhibited","LTU","Lithuania","2011","2011",2668858,,
"220062","Number of admissions for all foreign feature films exhibited","LTU","Lithuania","2012","2012",2713971,,
"220062","Number of admissions for all foreign feature films exhibited","LTU","Lithuania","2013","2013",2586759,,
"220062","Number of admissions for all foreign feature films exhibited","LTU","Lithuania","2014","2014",2487594,,
"220062","Number of admissions for all foreign feature films exhibited","LTU","Lithuania","2015","2015",2865081,,
"220062","Number of admissions for all foreign feature films exhibited","LTU","Lithuania","2016","2016",2969163,,
"220062","Number of admissions for all foreign feature films exhibited","LTU","Lithuania","2017","2017",3195157,,
"220062","Number of admissions for all foreign feature films exhibited","MKD","North Macedonia","2011","2011",94589,,
"220062","Number of admissions for all foreign feature films exhibited","MKD","North Macedonia","2012","2012",194000,,
"220062","Number of admissions for all foreign feature films exhibited","MKD","North Macedonia","2013","2013",362000,,
"220062","Number of admissions for all foreign feature films exhibited","MKD","North Macedonia","2014","2014",298775,,
"220062","Number of admissions for all foreign feature films exhibited","MKD","North Macedonia","2015","2015",451424,,
"220062","Number of admissions for all foreign feature films exhibited","MKD","North Macedonia","2016","2016",351129,,
"220062","Number of admissions for all foreign feature films exhibited","MKD","North Macedonia","2017","2017",410232,,
"220062","Number of admissions for all foreign feature films exhibited","MYS","Malaysia","2011","2011",46370000,,
"220062","Number of admissions for all foreign feature films exhibited","MYS","Malaysia","2012","2012",47100000,"‡","UIS Estimation"
"220062","Number of admissions for all foreign feature films exhibited","MYS","Malaysia","2013","2013",52940000,"‡","UIS Estimation"
"220062","Number of admissions for all foreign feature films exhibited","MYS","Malaysia","2014","2014",54508600,"‡","UIS Estimation"
"220062","Number of admissions for all foreign feature films exhibited","MYS","Malaysia","2015","2015",63605400,"‡","UIS Estimation"
"220062","Number of admissions for all foreign feature films exhibited","MYS","Malaysia","2016","2016",64600000,"‡","UIS Estimation"
"220062","Number of admissions for all foreign feature films exhibited","MYS","Malaysia","2017","2017",68320000,"‡","UIS Estimation"
"220062","Number of admissions for all foreign feature films exhibited","MLT","Malta","2011","2011",772380,,
"220062","Number of admissions for all foreign feature films exhibited","MLT","Malta","2013","2013",676836,,
"220062","Number of admissions for all foreign feature films exhibited","MLT","Malta","2014","2014",625450,,
"220062","Number of admissions for all foreign feature films exhibited","MLT","Malta","2015","2015",683912,,
"220062","Number of admissions for all foreign feature films exhibited","MLT","Malta","2016","2016",662451,,
"220062","Number of admissions for all foreign feature films exhibited","MLT","Malta","2017","2017",745493,,
"220062","Number of admissions for all foreign feature films exhibited","MAR","Morocco","2011","2011",1892673,"‡","UIS Estimation"
"220062","Number of admissions for all foreign feature films exhibited","MAR","Morocco","2012","2012",1329953,,
"220062","Number of admissions for all foreign feature films exhibited","MAR","Morocco","2013","2013",1069900,,
"220062","Number of admissions for all foreign feature films exhibited","MAR","Morocco","2014","2014",1164099,,
"220062","Number of admissions for all foreign feature films exhibited","MAR","Morocco","2015","2015",1312637,,
"220062","Number of admissions for all foreign feature films exhibited","MAR","Morocco","2016","2016",1184915,,
"220062","Number of admissions for all foreign feature films exhibited","MAR","Morocco","2017","2017",1164170,,
"220062","Number of admissions for all foreign feature films exhibited","NER","Niger","2011","2011",47000,,
"220062","Number of admissions for all foreign feature films exhibited","PER","Peru","2011","2011",28453647,"‡","UIS Estimation"
"220062","Number of admissions for all foreign feature films exhibited","PER","Peru","2014","2014",35643782,,
"220062","Number of admissions for all foreign feature films exhibited","PER","Peru","2015","2015",40378848,,
"220062","Number of admissions for all foreign feature films exhibited","PER","Peru","2016","2016",45365474,,
"220062","Number of admissions for all foreign feature films exhibited","PER","Peru","2017","2017",46994801,,
"220062","Number of admissions for all foreign feature films exhibited","ROU","Romania","2011","2011",7135522,,
"220062","Number of admissions for all foreign feature films exhibited","ROU","Romania","2014","2014",9950019,,
"220062","Number of admissions for all foreign feature films exhibited","ROU","Romania","2015","2015",10950545,,
"220062","Number of admissions for all foreign feature films exhibited","ROU","Romania","2016","2016",12574634,,
"220062","Number of admissions for all foreign feature films exhibited","ROU","Romania","2017","2017",13573712,,
"220062","Number of admissions for all foreign feature films exhibited","SVN","Slovenia","2011","2011",2778256,,
"220062","Number of admissions for all foreign feature films exhibited","SVN","Slovenia","2014","2014",1822934,,
"220062","Number of admissions for all foreign feature films exhibited","SVN","Slovenia","2015","2015",2045591,,
"220062","Number of admissions for all foreign feature films exhibited","SVN","Slovenia","2016","2016",2104196,,
"220062","Number of admissions for all foreign feature films exhibited","SVN","Slovenia","2017","2017",2185413,,
"220062","Number of admissions for all foreign feature films exhibited","UKR","Ukraine","2011","2011",14546800,,
"220062","Number of admissions for all foreign feature films exhibited","UKR","Ukraine","2012","2012",15266600,,
"220062","Number of admissions for all foreign feature films exhibited","UKR","Ukraine","2013","2013",12945300,,
"220062","Number of admissions for all foreign feature films exhibited","URY","Uruguay","2014","2014",3028700,"‡","UIS Estimation"
"220062","Number of admissions for all foreign feature films exhibited","URY","Uruguay","2015","2015",3257100,"‡","UIS Estimation"
"220062","Number of admissions for all foreign feature films exhibited","VEN","Venezuela (Bolivarian Republic of)","2011","2011",26347332,,
"220062","Number of admissions for all foreign feature films exhibited","VEN","Venezuela (Bolivarian Republic of)","2012","2012",27560019,,
"220062","Number of admissions for all foreign feature films exhibited","VEN","Venezuela (Bolivarian Republic of)","2013","2013",27639821,,
"220062","Number of admissions for all foreign feature films exhibited","VEN","Venezuela (Bolivarian Republic of)","2014","2014",25615100,"‡","UIS Estimation"
"220062","Number of admissions for all foreign feature films exhibited","VEN","Venezuela (Bolivarian Republic of)","2015","2015",28033000,"‡","UIS Estimation"
"220062","Number of admissions for all foreign feature films exhibited","VEN","Venezuela (Bolivarian Republic of)","2016","2016",18666378,,
"220062","Number of admissions for all foreign feature films exhibited","VEN","Venezuela (Bolivarian Republic of)","2017","2017",22023991,,
"220062","Number of admissions for all foreign feature films exhibited","BEL","Belgium","2013","2013",19037390,,
"220062","Number of admissions for all foreign feature films exhibited","BEL","Belgium","2014","2014",19226592,,
"220062","Number of admissions for all foreign feature films exhibited","BEL","Belgium","2016","2016",17601240,,
"220062","Number of admissions for all foreign feature films exhibited","BEL","Belgium","2017","2017",17912724,,
"220062","Number of admissions for all foreign feature films exhibited","IRL","Ireland","2011","2011",15710000,,
"220062","Number of admissions for all foreign feature films exhibited","USA","United States of America","2014","2014",60750000,"‡","UIS Estimation"
"220062","Number of admissions for all foreign feature films exhibited","USA","United States of America","2015","2015",134064000,"‡","UIS Estimation"
"220062","Number of admissions for all foreign feature films exhibited","ABW","Aruba","2011","2011",382165,,
"220062","Number of admissions for all foreign feature films exhibited","AZE","Azerbaijan","2011","2011",70300,,
"220062","Number of admissions for all foreign feature films exhibited","AZE","Azerbaijan","2012","2012",43400,,
"220062","Number of admissions for all foreign feature films exhibited","AZE","Azerbaijan","2013","2013",159500,,
"220062","Number of admissions for all foreign feature films exhibited","AZE","Azerbaijan","2014","2014",181832,,
"220062","Number of admissions for all foreign feature films exhibited","AZE","Azerbaijan","2015","2015",320001,,
"220062","Number of admissions for all foreign feature films exhibited","AZE","Azerbaijan","2016","2016",350636,,
"220062","Number of admissions for all foreign feature films exhibited","AZE","Azerbaijan","2017","2017",986774,,
"220062","Number of admissions for all foreign feature films exhibited","BIH","Bosnia and Herzegovina","2011","2011",524438,,
"220062","Number of admissions for all foreign feature films exhibited","BIH","Bosnia and Herzegovina","2014","2014",872968,,
"220062","Number of admissions for all foreign feature films exhibited","CYP","Cyprus","2011","2011",869430,,
"220062","Number of admissions for all foreign feature films exhibited","CYP","Cyprus","2012","2012",840296,,
"220062","Number of admissions for all foreign feature films exhibited","CYP","Cyprus","2013","2013",699062,,
"220062","Number of admissions for all foreign feature films exhibited","CYP","Cyprus","2014","2014",634765,,
"220062","Number of admissions for all foreign feature films exhibited","CYP","Cyprus","2015","2015",715731,,
"220062","Number of admissions for all foreign feature films exhibited","CYP","Cyprus","2016","2016",868469,,
"220062","Number of admissions for all foreign feature films exhibited","CYP","Cyprus","2017","2017",743644,,
"220062","Number of admissions for all foreign feature films exhibited","QAT","Qatar","2016","2016",7300000,,
"220062","Number of admissions for all foreign feature films exhibited","QAT","Qatar","2017","2017",6086000,,
"220062","Number of admissions for all foreign feature films exhibited","SEN","Senegal","2011","2011",4646,,
"220062","Number of admissions for all foreign feature films exhibited","SEN","Senegal","2012","2012",25276,,
"220062","Number of admissions for all foreign feature films exhibited","SEN","Senegal","2013","2013",39729,,
"220062","Number of admissions for all foreign feature films exhibited","SEN","Senegal","2014","2014",57055,,
"220062","Number of admissions for all foreign feature films exhibited","SEN","Senegal","2015","2015",18637,,
"220062","Number of admissions for all foreign feature films exhibited","SGP","Singapore","2014","2014",20736000,"‡","UIS Estimation"
"220062","Number of admissions for all foreign feature films exhibited","SRB","Serbia","2011","2011",1776734,,
"220062","Number of admissions for all foreign feature films exhibited","SRB","Serbia","2012","2012",1906564,,
"220062","Number of admissions for all foreign feature films exhibited","SRB","Serbia","2013","2013",2149126,,
"220062","Number of admissions for all foreign feature films exhibited","SRB","Serbia","2014","2014",2211625,,
"220062","Number of admissions for all foreign feature films exhibited","SRB","Serbia","2015","2015",2462418,,
"220062","Number of admissions for all foreign feature films exhibited","SRB","Serbia","2016","2016",2955766,,
"220062","Number of admissions for all foreign feature films exhibited","SRB","Serbia","2017","2017",3546043,,
"220062","Number of admissions for all foreign feature films exhibited","LKA","Sri Lanka","2012","2012",2500000,"+","National Estimation"
"220062","Number of admissions for all foreign feature films exhibited","LKA","Sri Lanka","2013","2013",2500000,"+","National Estimation"
"220062","Number of admissions for all foreign feature films exhibited","BHR","Bahrain","2012","2012",700000,,
"220062","Number of admissions for all foreign feature films exhibited","BHR","Bahrain","2013","2013",700000,,
"220062","Number of admissions for all foreign feature films exhibited","AUS","Australia","2012","2012",82200000,,
"220062","Number of admissions for all foreign feature films exhibited","AUS","Australia","2013","2013",79100000,,
"220062","Number of admissions for all foreign feature films exhibited","AUS","Australia","2014","2014",76600000,,
"220062","Number of admissions for all foreign feature films exhibited","AUS","Australia","2015","2015",83900000,,
"220062","Number of admissions for all foreign feature films exhibited","AUS","Australia","2016","2016",89169135,,
"220062","Number of admissions for all foreign feature films exhibited","AUS","Australia","2017","2017",81496295,,
"220062","Number of admissions for all foreign feature films exhibited","GRC","Greece","2011","2011",9690000,,
"220062","Number of admissions for all foreign feature films exhibited","GRC","Greece","2012","2012",8955000,,
"220062","Number of admissions for all foreign feature films exhibited","GRC","Greece","2013","2013",8452000,,
"220062","Number of admissions for all foreign feature films exhibited","GRC","Greece","2014","2014",8663000,,
"220062","Number of admissions for all foreign feature films exhibited","GRC","Greece","2015","2015",8979000,,
"220062","Number of admissions for all foreign feature films exhibited","GRC","Greece","2016","2016",9122600,,
"220062","Number of admissions for all foreign feature films exhibited","GRC","Greece","2017","2017",9091000,,
"220062","Number of admissions for all foreign feature films exhibited","HND","Honduras","2012","2012",,"n","Magnitude nil or negligible"
"220062","Number of admissions for all foreign feature films exhibited","GAB","Gabon","2012","2012",,"n","Magnitude nil or negligible"
"220062","Number of admissions for all foreign feature films exhibited","GAB","Gabon","2013","2013",,"n","Magnitude nil or negligible"
"220062","Number of admissions for all foreign feature films exhibited","MDA","Republic of Moldova","2012","2012",596700,,
"220062","Number of admissions for all foreign feature films exhibited","MDA","Republic of Moldova","2013","2013",688700,,
"220062","Number of admissions for all foreign feature films exhibited","MDA","Republic of Moldova","2014","2014",541300,,
"220062","Number of admissions for all foreign feature films exhibited","MDA","Republic of Moldova","2015","2015",381400,,
"220062","Number of admissions for all foreign feature films exhibited","MDA","Republic of Moldova","2016","2016",370600,,
"220062","Number of admissions for all foreign feature films exhibited","MDA","Republic of Moldova","2017","2017",562000,,
"220062","Number of admissions for all foreign feature films exhibited","PHL","Philippines","2012","2012",23400000,,
"220062","Number of admissions for all foreign feature films exhibited","PHL","Philippines","2013","2013",27000000,,
"220062","Number of admissions for all foreign feature films exhibited","PHL","Philippines","2014","2014",58176900,"‡","UIS Estimation"
"220062","Number of admissions for all foreign feature films exhibited","BFA","Burkina Faso","2015","2015",8860,,
"220062","Number of admissions for all foreign feature films exhibited","BDI","Burundi","2014","2014",,"n","Magnitude nil or negligible"
"220062","Number of admissions for all foreign feature films exhibited","BDI","Burundi","2015","2015",,"n","Magnitude nil or negligible"
"220062","Number of admissions for all foreign feature films exhibited","BDI","Burundi","2016","2016",,"a","Category not applicable"
"220062","Number of admissions for all foreign feature films exhibited","BDI","Burundi","2017","2017",,"a","Category not applicable"
"220062","Number of admissions for all foreign feature films exhibited","KHM","Cambodia","2014","2014",100000,,
"220062","Number of admissions for all foreign feature films exhibited","KHM","Cambodia","2015","2015",120000,,
"220062","Number of admissions for all foreign feature films exhibited","CHN","China","2011","2011",171680000,,
"220062","Number of admissions for all foreign feature films exhibited","CHN","China","2012","2012",242050000,,
"220062","Number of admissions for all foreign feature films exhibited","CHN","China","2013","2013",252756000,,
"220062","Number of admissions for all foreign feature films exhibited","CHN","China","2014","2014",377650000,"‡","UIS Estimation"
"220062","Number of admissions for all foreign feature films exhibited","CHN","China","2015","2015",483840000,"‡","UIS Estimation"
"220062","Number of admissions for all foreign feature films exhibited","HKG","China, Hong Kong Special Administrative Region","2012","2012",19391400,"‡","UIS Estimation"
"220062","Number of admissions for all foreign feature films exhibited","HKG","China, Hong Kong Special Administrative Region","2013","2013",19496700,"‡","UIS Estimation"
"220062","Number of admissions for all foreign feature films exhibited","HKG","China, Hong Kong Special Administrative Region","2014","2014",19496700,"‡","UIS Estimation"
"220062","Number of admissions for all foreign feature films exhibited","HKG","China, Hong Kong Special Administrative Region","2015","2015",19424600,"‡","UIS Estimation"
"220062","Number of admissions for all foreign feature films exhibited","IND","India","2012","2012",224485000,"‡","UIS Estimation"
"220062","Number of admissions for all foreign feature films exhibited","IND","India","2013","2013",168130000,"‡","UIS Estimation"
"220062","Number of admissions for all foreign feature films exhibited","IND","India","2014","2014",164645000,"‡","UIS Estimation"
"220062","Number of admissions for all foreign feature films exhibited","IND","India","2015","2015",302400000,"‡","UIS Estimation"
"220062","Number of admissions for all foreign feature films exhibited","ISR","Israel","2014","2014",10440000,"‡","UIS Estimation"
"220062","Number of admissions for all foreign feature films exhibited","ISR","Israel","2015","2015",11960000,"‡","UIS Estimation"
"220062","Number of admissions for all foreign feature films exhibited","MHL","Marshall Islands","2014","2014",,"n","Magnitude nil or negligible"
"220062","Number of admissions for all foreign feature films exhibited","MHL","Marshall Islands","2016","2016",,"n","Magnitude nil or negligible"
"220062","Number of admissions for all foreign feature films exhibited","MHL","Marshall Islands","2017","2017",,"n","Magnitude nil or negligible"
"220062","Number of admissions for all foreign feature films exhibited","RUS","Russian Federation","2014","2014",143088000,,
"220062","Number of admissions for all foreign feature films exhibited","RUS","Russian Federation","2015","2015",143806600,"‡","UIS Estimation"
"220062","Number of admissions for all foreign feature films exhibited","NZL","New Zealand","2016","2016",14626000,,
"220062","Number of admissions for all foreign feature films exhibited","NZL","New Zealand","2017","2017",15393900,,
"220062","Number of admissions for all foreign feature films exhibited","DOM","Dominican Republic","2014","2014",2922730,,
"220062","Number of admissions for all foreign feature films exhibited","DOM","Dominican Republic","2015","2015",3788241,,
"220062","Number of admissions for all foreign feature films exhibited","DOM","Dominican Republic","2016","2016",3778065,,
"220062","Number of admissions for all foreign feature films exhibited","DOM","Dominican Republic","2017","2017",4079381,,
"220062","Number of admissions for all foreign feature films exhibited","EGY","Egypt","2011","2011",4200000,"‡","UIS Estimation"
"220062","Number of admissions for all foreign feature films exhibited","MOZ","Mozambique","2016","2016",5915,,
"220062","Number of admissions for all foreign feature films exhibited","MOZ","Mozambique","2017","2017",9878,,
