"LOCATION","INDICATOR","SUBJECT","MEASURE","FREQUENCY","TIME","Value","Flag Codes"
"AUS","AVWAGE","TOT","USD","A","1990",40519.0836210149,
"AUS","AVWAGE","TOT","USD","A","1991",40328.9348656083,
"AUS","AVWAGE","TOT","USD","A","1992",41135.7980850738,
"AUS","AVWAGE","TOT","USD","A","1993",41513.5455161377,
"AUS","AVWAGE","TOT","USD","A","1994",41789.7663982365,
"AUS","AVWAGE","TOT","USD","A","1995",41629.3611455443,
"AUS","AVWAGE","TOT","USD","A","1996",42821.8812711655,
"AUS","AVWAGE","TOT","USD","A","1997",44130.3235451505,
"AUS","AVWAGE","TOT","USD","A","1998",44727.1242824218,
"AUS","AVWAGE","TOT","USD","A","1999",45731.7878558082,
"AUS","AVWAGE","TOT","USD","A","2000",45864.2246839447,
"AUS","AVWAGE","TOT","USD","A","2001",46325.6452063718,
"AUS","AVWAGE","TOT","USD","A","2002",46714.7138012541,
"AUS","AVWAGE","TOT","USD","A","2003",47349.6629826868,
"AUS","AVWAGE","TOT","USD","A","2004",48813.6269703482,
"AUS","AVWAGE","TOT","USD","A","2005",49357.8088760077,
"AUS","AVWAGE","TOT","USD","A","2006",49688.9707896302,
"AUS","AVWAGE","TOT","USD","A","2007",51049.1432412323,
"AUS","AVWAGE","TOT","USD","A","2008",51375.7399322454,
"AUS","AVWAGE","TOT","USD","A","2009",50884.3098547751,
"AUS","AVWAGE","TOT","USD","A","2010",52645.0632525028,
"AUS","AVWAGE","TOT","USD","A","2011",54341.6321607586,
"AUS","AVWAGE","TOT","USD","A","2012",54693.5327880133,
"AUS","AVWAGE","TOT","USD","A","2013",54493.4287124233,
"AUS","AVWAGE","TOT","USD","A","2014",54958.9983415996,
"AUS","AVWAGE","TOT","USD","A","2015",54594.2877238492,
"AUS","AVWAGE","TOT","USD","A","2016",54708.5463944103,
"AUS","AVWAGE","TOT","USD","A","2017",54446.1871655676,
"AUS","AVWAGE","TOT","USD","A","2018",54585.7361515336,
"AUS","AVWAGE","TOT","USD","A","2019",55170.1593572686,
"AUS","AVWAGE","TOT","USD","A","2020",56454.6426875463,
"AUS","AVWAGE","TOT","USD","A","2021",56599.9299857557,
"AUT","AVWAGE","TOT","USD","A","1990",45313.9720159551,
"AUT","AVWAGE","TOT","USD","A","1991",46730.4228288456,
"AUT","AVWAGE","TOT","USD","A","1992",47671.8701404884,
"AUT","AVWAGE","TOT","USD","A","1993",48060.552615044,
"AUT","AVWAGE","TOT","USD","A","1994",48544.7767393866,
"AUT","AVWAGE","TOT","USD","A","1995",48935.8602311529,
"AUT","AVWAGE","TOT","USD","A","1996",48605.3271945911,
"AUT","AVWAGE","TOT","USD","A","1997",48197.3416417211,
"AUT","AVWAGE","TOT","USD","A","1998",49741.185546168,
"AUT","AVWAGE","TOT","USD","A","1999",50842.5545227083,
"AUT","AVWAGE","TOT","USD","A","2000",51003.6687538745,
"AUT","AVWAGE","TOT","USD","A","2001",50844.0596468737,
"AUT","AVWAGE","TOT","USD","A","2002",51613.8737572224,
"AUT","AVWAGE","TOT","USD","A","2003",51732.5421239379,
"AUT","AVWAGE","TOT","USD","A","2004",52714.6666757652,
"AUT","AVWAGE","TOT","USD","A","2005",52999.3782983738,
"AUT","AVWAGE","TOT","USD","A","2006",53791.255595178,
"AUT","AVWAGE","TOT","USD","A","2007",54099.6936163515,
"AUT","AVWAGE","TOT","USD","A","2008",55008.95643616,
"AUT","AVWAGE","TOT","USD","A","2009",55945.1002116724,
"AUT","AVWAGE","TOT","USD","A","2010",55693.2537677195,
"AUT","AVWAGE","TOT","USD","A","2011",55086.1950141318,
"AUT","AVWAGE","TOT","USD","A","2012",55399.0387275458,
"AUT","AVWAGE","TOT","USD","A","2013",55424.6726991352,
"AUT","AVWAGE","TOT","USD","A","2014",55628.9597328474,
"AUT","AVWAGE","TOT","USD","A","2015",56034.5368994984,
"AUT","AVWAGE","TOT","USD","A","2016",56565.1098080641,
"AUT","AVWAGE","TOT","USD","A","2017",56553.1036411922,
"AUT","AVWAGE","TOT","USD","A","2018",56738.9624275253,
"AUT","AVWAGE","TOT","USD","A","2019",57182.0543713264,
"AUT","AVWAGE","TOT","USD","A","2020",57271.6172207632,
"AUT","AVWAGE","TOT","USD","A","2021",58189.1346866111,
"BEL","AVWAGE","TOT","USD","A","1990",45493.2909917868,
"BEL","AVWAGE","TOT","USD","A","1991",47491.7503507172,
"BEL","AVWAGE","TOT","USD","A","1992",49014.6154879343,
"BEL","AVWAGE","TOT","USD","A","1993",50044.8267773323,
"BEL","AVWAGE","TOT","USD","A","1994",51015.7770062858,
"BEL","AVWAGE","TOT","USD","A","1995",50842.1983374211,
"BEL","AVWAGE","TOT","USD","A","1996",51479.5811909363,
"BEL","AVWAGE","TOT","USD","A","1997",52136.0073666382,
"BEL","AVWAGE","TOT","USD","A","1998",52167.2766415632,
"BEL","AVWAGE","TOT","USD","A","1999",55075.0151581003,
"BEL","AVWAGE","TOT","USD","A","2000",54577.6273525136,
"BEL","AVWAGE","TOT","USD","A","2001",54743.9600900518,
"BEL","AVWAGE","TOT","USD","A","2002",56157.2435543636,
"BEL","AVWAGE","TOT","USD","A","2003",56491.9959086071,
"BEL","AVWAGE","TOT","USD","A","2004",56195.6843234927,
"BEL","AVWAGE","TOT","USD","A","2005",55662.2154129004,
"BEL","AVWAGE","TOT","USD","A","2006",56040.3524312115,
"BEL","AVWAGE","TOT","USD","A","2007",55936.3807418131,
"BEL","AVWAGE","TOT","USD","A","2008",56177.7608301146,
"BEL","AVWAGE","TOT","USD","A","2009",56960.7291900123,
"BEL","AVWAGE","TOT","USD","A","2010",56697.0102359022,
"BEL","AVWAGE","TOT","USD","A","2011",57277.8636023361,
"BEL","AVWAGE","TOT","USD","A","2012",57740.9047749979,
"BEL","AVWAGE","TOT","USD","A","2013",58312.8064794932,
"BEL","AVWAGE","TOT","USD","A","2014",58637.190215588,
"BEL","AVWAGE","TOT","USD","A","2015",58239.5851322215,
"BEL","AVWAGE","TOT","USD","A","2016",58364.7213975469,
"BEL","AVWAGE","TOT","USD","A","2017",57956.7749506732,
"BEL","AVWAGE","TOT","USD","A","2018",58270.1110053084,
"BEL","AVWAGE","TOT","USD","A","2019",58841.9236167908,
"BEL","AVWAGE","TOT","USD","A","2020",57271.7218967191,
"BEL","AVWAGE","TOT","USD","A","2021",59100.1809372088,
"CAN","AVWAGE","TOT","USD","A","1990",40517.1882340755,
"CAN","AVWAGE","TOT","USD","A","1991",40669.7659905388,
"CAN","AVWAGE","TOT","USD","A","1992",41263.7112722664,
"CAN","AVWAGE","TOT","USD","A","1993",41174.3873216009,
"CAN","AVWAGE","TOT","USD","A","1994",40706.0709612304,
"CAN","AVWAGE","TOT","USD","A","1995",40614.9814694373,
"CAN","AVWAGE","TOT","USD","A","1996",40975.3558931413,
"CAN","AVWAGE","TOT","USD","A","1997",42229.8493768496,
"CAN","AVWAGE","TOT","USD","A","1998",42938.6744567879,
"CAN","AVWAGE","TOT","USD","A","1999",43287.6272809274,
"CAN","AVWAGE","TOT","USD","A","2000",44600.0524229853,
"CAN","AVWAGE","TOT","USD","A","2001",44416.8123091387,
"CAN","AVWAGE","TOT","USD","A","2002",44046.7611259154,
"CAN","AVWAGE","TOT","USD","A","2003",44065.7697375825,
"CAN","AVWAGE","TOT","USD","A","2004",45034.6151411603,
"CAN","AVWAGE","TOT","USD","A","2005",46335.0850839863,
"CAN","AVWAGE","TOT","USD","A","2006",47753.6561632973,
"CAN","AVWAGE","TOT","USD","A","2007",49148.1701669313,
"CAN","AVWAGE","TOT","USD","A","2008",49993.0185989938,
"CAN","AVWAGE","TOT","USD","A","2009",50434.2494411984,
"CAN","AVWAGE","TOT","USD","A","2010",50581.8930838186,
"CAN","AVWAGE","TOT","USD","A","2011",51075.2308168078,
"CAN","AVWAGE","TOT","USD","A","2012",51861.2601212403,
"CAN","AVWAGE","TOT","USD","A","2013",52502.7340359639,
"CAN","AVWAGE","TOT","USD","A","2014",53142.8807996714,
"CAN","AVWAGE","TOT","USD","A","2015",53558.1531815747,
"CAN","AVWAGE","TOT","USD","A","2016",52599.446320119,
"CAN","AVWAGE","TOT","USD","A","2017",53353.3727685498,
"CAN","AVWAGE","TOT","USD","A","2018",54325.0894683998,
"CAN","AVWAGE","TOT","USD","A","2019",54606.6993038817,
"CAN","AVWAGE","TOT","USD","A","2020",56176.8355601337,
"CAN","AVWAGE","TOT","USD","A","2021",56005.6171359754,
"CZE","AVWAGE","TOT","USD","A","1995",14386.1655108093,
"CZE","AVWAGE","TOT","USD","A","1996",15866.0244423413,
"CZE","AVWAGE","TOT","USD","A","1997",16113.8854427993,
"CZE","AVWAGE","TOT","USD","A","1998",16110.9571513406,
"CZE","AVWAGE","TOT","USD","A","1999",16751.5436413406,
"CZE","AVWAGE","TOT","USD","A","2000",17381.0578327063,
"CZE","AVWAGE","TOT","USD","A","2001",18277.4420913387,
"CZE","AVWAGE","TOT","USD","A","2002",19382.8074543462,
"CZE","AVWAGE","TOT","USD","A","2003",20860.7182149352,
"CZE","AVWAGE","TOT","USD","A","2004",21799.9169008062,
"CZE","AVWAGE","TOT","USD","A","2005",22440.746354952,
"CZE","AVWAGE","TOT","USD","A","2006",23340.1988371658,
"CZE","AVWAGE","TOT","USD","A","2007",24036.7678543414,
"CZE","AVWAGE","TOT","USD","A","2008",24165.3464422356,
"CZE","AVWAGE","TOT","USD","A","2009",24068.5788935786,
"CZE","AVWAGE","TOT","USD","A","2010",24808.3144747498,
"CZE","AVWAGE","TOT","USD","A","2011",25010.4642180162,
"CZE","AVWAGE","TOT","USD","A","2012",25056.2619912968,
"CZE","AVWAGE","TOT","USD","A","2013",24900.0481577341,
"CZE","AVWAGE","TOT","USD","A","2014",25425.1745235874,
"CZE","AVWAGE","TOT","USD","A","2015",26172.8581631554,
"CZE","AVWAGE","TOT","USD","A","2016",27097.1678035338,
"CZE","AVWAGE","TOT","USD","A","2017",28482.1251018999,
"CZE","AVWAGE","TOT","USD","A","2018",29990.7006930927,
"CZE","AVWAGE","TOT","USD","A","2019",31236.4530088112,
"CZE","AVWAGE","TOT","USD","A","2020",30912.1625160037,
"CZE","AVWAGE","TOT","USD","A","2021",31710.8968644062,
"DNK","AVWAGE","TOT","USD","A","1990",43551.7671602509,
"DNK","AVWAGE","TOT","USD","A","1991",43783.1719880398,
"DNK","AVWAGE","TOT","USD","A","1992",45258.4231269226,
"DNK","AVWAGE","TOT","USD","A","1993",45759.2741216434,
"DNK","AVWAGE","TOT","USD","A","1994",44168.2043458637,
"DNK","AVWAGE","TOT","USD","A","1995",45111.638966759,
"DNK","AVWAGE","TOT","USD","A","1996",45930.2740171816,
"DNK","AVWAGE","TOT","USD","A","1997",46664.6963376111,
"DNK","AVWAGE","TOT","USD","A","1998",47481.1282889193,
"DNK","AVWAGE","TOT","USD","A","1999",48038.973289917,
"DNK","AVWAGE","TOT","USD","A","2000",47994.6178006955,
"DNK","AVWAGE","TOT","USD","A","2001",48280.4436264319,
"DNK","AVWAGE","TOT","USD","A","2002",49379.9115710942,
"DNK","AVWAGE","TOT","USD","A","2003",50598.6456254605,
"DNK","AVWAGE","TOT","USD","A","2004",51724.7774540012,
"DNK","AVWAGE","TOT","USD","A","2005",52618.2949477389,
"DNK","AVWAGE","TOT","USD","A","2006",53504.7617043668,
"DNK","AVWAGE","TOT","USD","A","2007",54101.2626964787,
"DNK","AVWAGE","TOT","USD","A","2008",54817.4594178387,
"DNK","AVWAGE","TOT","USD","A","2009",56145.4717378729,
"DNK","AVWAGE","TOT","USD","A","2010",56776.1761976908,
"DNK","AVWAGE","TOT","USD","A","2011",56477.1803458519,
"DNK","AVWAGE","TOT","USD","A","2012",56392.8645626898,
"DNK","AVWAGE","TOT","USD","A","2013",56786.7481302489,
"DNK","AVWAGE","TOT","USD","A","2014",57870.4063990248,
"DNK","AVWAGE","TOT","USD","A","2015",58890.2336522565,
"DNK","AVWAGE","TOT","USD","A","2016",58879.1412728563,
"DNK","AVWAGE","TOT","USD","A","2017",59219.7467028765,
"DNK","AVWAGE","TOT","USD","A","2018",59730.5765454995,
"DNK","AVWAGE","TOT","USD","A","2019",60264.9076732623,
"DNK","AVWAGE","TOT","USD","A","2020",60984.2427222411,
"DNK","AVWAGE","TOT","USD","A","2021",61330.7713424836,
"FIN","AVWAGE","TOT","USD","A","1990",36444.4000231351,
"FIN","AVWAGE","TOT","USD","A","1991",36879.5650236566,
"FIN","AVWAGE","TOT","USD","A","1992",36322.4634094598,
"FIN","AVWAGE","TOT","USD","A","1993",35050.546818366,
"FIN","AVWAGE","TOT","USD","A","1994",35547.3078685898,
"FIN","AVWAGE","TOT","USD","A","1995",36945.8388759247,
"FIN","AVWAGE","TOT","USD","A","1996",37792.1619839141,
"FIN","AVWAGE","TOT","USD","A","1997",37824.3577916122,
"FIN","AVWAGE","TOT","USD","A","1998",38822.8784156785,
"FIN","AVWAGE","TOT","USD","A","1999",39731.0030723407,
"FIN","AVWAGE","TOT","USD","A","2000",40413.1353230781,
"FIN","AVWAGE","TOT","USD","A","2001",40625.7132866879,
"FIN","AVWAGE","TOT","USD","A","2002",40843.9674199349,
"FIN","AVWAGE","TOT","USD","A","2003",41620.2018897247,
"FIN","AVWAGE","TOT","USD","A","2004",42993.8338865253,
"FIN","AVWAGE","TOT","USD","A","2005",43899.0209557652,
"FIN","AVWAGE","TOT","USD","A","2006",44807.6303556323,
"FIN","AVWAGE","TOT","USD","A","2007",45406.405989497,
"FIN","AVWAGE","TOT","USD","A","2008",45794.6343991341,
"FIN","AVWAGE","TOT","USD","A","2009",46189.5033711431,
"FIN","AVWAGE","TOT","USD","A","2010",46828.7275024312,
"FIN","AVWAGE","TOT","USD","A","2011",46842.0146347727,
"FIN","AVWAGE","TOT","USD","A","2012",46879.3937880133,
"FIN","AVWAGE","TOT","USD","A","2013",46410.7303768431,
"FIN","AVWAGE","TOT","USD","A","2014",46395.4298405516,
"FIN","AVWAGE","TOT","USD","A","2015",46758.811643577,
"FIN","AVWAGE","TOT","USD","A","2016",47169.4791171538,
"FIN","AVWAGE","TOT","USD","A","2017",46898.6579732219,
"FIN","AVWAGE","TOT","USD","A","2018",47244.6404457039,
"FIN","AVWAGE","TOT","USD","A","2019",47731.3810694198,
"FIN","AVWAGE","TOT","USD","A","2020",47877.6324062913,
"FIN","AVWAGE","TOT","USD","A","2021",49707.6290980261,
"FRA","AVWAGE","TOT","USD","A","1990",36406.3400578098,
"FRA","AVWAGE","TOT","USD","A","1991",36827.9316116628,
"FRA","AVWAGE","TOT","USD","A","1992",37240.1678735709,
"FRA","AVWAGE","TOT","USD","A","1993",37669.4979917754,
"FRA","AVWAGE","TOT","USD","A","1994",37826.8644706853,
"FRA","AVWAGE","TOT","USD","A","1995",38388.1597060243,
"FRA","AVWAGE","TOT","USD","A","1996",38501.8421413919,
"FRA","AVWAGE","TOT","USD","A","1997",38932.2118077426,
"FRA","AVWAGE","TOT","USD","A","1998",39533.7108468679,
"FRA","AVWAGE","TOT","USD","A","1999",40404.2167691075,
"FRA","AVWAGE","TOT","USD","A","2000",40596.6445951239,
"FRA","AVWAGE","TOT","USD","A","2001",40852.1825018759,
"FRA","AVWAGE","TOT","USD","A","2002",41954.1258314029,
"FRA","AVWAGE","TOT","USD","A","2003",42296.6523148312,
"FRA","AVWAGE","TOT","USD","A","2004",42986.244252655,
"FRA","AVWAGE","TOT","USD","A","2005",43504.1324562404,
"FRA","AVWAGE","TOT","USD","A","2006",43989.842643363,
"FRA","AVWAGE","TOT","USD","A","2007",44150.8662706574,
"FRA","AVWAGE","TOT","USD","A","2008",44066.1904791078,
"FRA","AVWAGE","TOT","USD","A","2009",45468.229882477,
"FRA","AVWAGE","TOT","USD","A","2010",46386.1118555352,
"FRA","AVWAGE","TOT","USD","A","2011",46302.8163666344,
"FRA","AVWAGE","TOT","USD","A","2012",46602.6466219276,
"FRA","AVWAGE","TOT","USD","A","2013",46995.2170551426,
"FRA","AVWAGE","TOT","USD","A","2014",47318.5317957179,
"FRA","AVWAGE","TOT","USD","A","2015",47769.9773576127,
"FRA","AVWAGE","TOT","USD","A","2016",48322.4788674439,
"FRA","AVWAGE","TOT","USD","A","2017",48993.0499210396,
"FRA","AVWAGE","TOT","USD","A","2018",48930.5037126329,
"FRA","AVWAGE","TOT","USD","A","2019",49402.5244825536,
"FRA","AVWAGE","TOT","USD","A","2020",47372.8084858398,
"FRA","AVWAGE","TOT","USD","A","2021",49312.5814817124,
"DEU","AVWAGE","TOT","USD","A","1991",41924.8819886156,
"DEU","AVWAGE","TOT","USD","A","1992",44497.3573380858,
"DEU","AVWAGE","TOT","USD","A","1993",44790.2271798205,
"DEU","AVWAGE","TOT","USD","A","1994",44888.7651123489,
"DEU","AVWAGE","TOT","USD","A","1995",45840.297418335,
"DEU","AVWAGE","TOT","USD","A","1996",46367.0735162019,
"DEU","AVWAGE","TOT","USD","A","1997",46170.9938505384,
"DEU","AVWAGE","TOT","USD","A","1998",46736.3944928476,
"DEU","AVWAGE","TOT","USD","A","1999",47358.1609448957,
"DEU","AVWAGE","TOT","USD","A","2000",47630.9362473236,
"DEU","AVWAGE","TOT","USD","A","2001",47978.289176264,
"DEU","AVWAGE","TOT","USD","A","2002",48260.950516707,
"DEU","AVWAGE","TOT","USD","A","2003",48420.9003393179,
"DEU","AVWAGE","TOT","USD","A","2004",48414.6560431125,
"DEU","AVWAGE","TOT","USD","A","2005",48589.6709394897,
"DEU","AVWAGE","TOT","USD","A","2006",48580.3615468933,
"DEU","AVWAGE","TOT","USD","A","2007",48432.5439923966,
"DEU","AVWAGE","TOT","USD","A","2008",48649.5661179795,
"DEU","AVWAGE","TOT","USD","A","2009",48659.3294771171,
"DEU","AVWAGE","TOT","USD","A","2010",49085.4418181365,
"DEU","AVWAGE","TOT","USD","A","2011",50075.8882356451,
"DEU","AVWAGE","TOT","USD","A","2012",50743.6018929134,
"DEU","AVWAGE","TOT","USD","A","2013",51221.4731511943,
"DEU","AVWAGE","TOT","USD","A","2014",52080.3601151976,
"DEU","AVWAGE","TOT","USD","A","2015",53277.9337901734,
"DEU","AVWAGE","TOT","USD","A","2016",54093.9104742941,
"DEU","AVWAGE","TOT","USD","A","2017",54663.8550180622,
"DEU","AVWAGE","TOT","USD","A","2018",55442.5636927834,
"DEU","AVWAGE","TOT","USD","A","2019",56332.1609469743,
"DEU","AVWAGE","TOT","USD","A","2020",55920.6690928235,
"DEU","AVWAGE","TOT","USD","A","2021",56040.2161468624,
"GRC","AVWAGE","TOT","USD","A","1995",21006.8264231154,
"GRC","AVWAGE","TOT","USD","A","1996",21224.7590161742,
"GRC","AVWAGE","TOT","USD","A","1997",23613.5402211417,
"GRC","AVWAGE","TOT","USD","A","1998",25566.4468492557,
"GRC","AVWAGE","TOT","USD","A","1999",25975.0808477967,
"GRC","AVWAGE","TOT","USD","A","2000",27453.1233512965,
"GRC","AVWAGE","TOT","USD","A","2001",28375.8663831811,
"GRC","AVWAGE","TOT","USD","A","2002",30956.100245246,
"GRC","AVWAGE","TOT","USD","A","2003",32319.6806789271,
"GRC","AVWAGE","TOT","USD","A","2004",32912.3962172002,
"GRC","AVWAGE","TOT","USD","A","2005",32802.5260136467,
"GRC","AVWAGE","TOT","USD","A","2006",33192.70112636,
"GRC","AVWAGE","TOT","USD","A","2007",33198.830858902,
"GRC","AVWAGE","TOT","USD","A","2008",32685.048263139,
"GRC","AVWAGE","TOT","USD","A","2009",34228.2245278187,
"GRC","AVWAGE","TOT","USD","A","2010",32664.8556355899,
"GRC","AVWAGE","TOT","USD","A","2011",30592.6257594606,
"GRC","AVWAGE","TOT","USD","A","2012",28812.3590929224,
"GRC","AVWAGE","TOT","USD","A","2013",26929.4689535767,
"GRC","AVWAGE","TOT","USD","A","2014",26818.6088636713,
"GRC","AVWAGE","TOT","USD","A","2015",27082.0734366134,
"GRC","AVWAGE","TOT","USD","A","2016",26460.6757105503,
"GRC","AVWAGE","TOT","USD","A","2017",26629.7747446517,
"GRC","AVWAGE","TOT","USD","A","2018",25400.4681553569,
"GRC","AVWAGE","TOT","USD","A","2019",25629.6136887256,
"GRC","AVWAGE","TOT","USD","A","2020",25719.5130850906,
"GRC","AVWAGE","TOT","USD","A","2021",25743.5073041973,
"HUN","AVWAGE","TOT","USD","A","1995",14951.1266197685,
"HUN","AVWAGE","TOT","USD","A","1996",14956.6487761518,
"HUN","AVWAGE","TOT","USD","A","1997",15325.7264425131,
"HUN","AVWAGE","TOT","USD","A","1998",15669.9225819232,
"HUN","AVWAGE","TOT","USD","A","1999",15737.9655435961,
"HUN","AVWAGE","TOT","USD","A","2000",16462.6021061384,
"HUN","AVWAGE","TOT","USD","A","2001",17713.9492558374,
"HUN","AVWAGE","TOT","USD","A","2002",18599.3426044854,
"HUN","AVWAGE","TOT","USD","A","2003",20088.3335667608,
"HUN","AVWAGE","TOT","USD","A","2004",21490.6683325556,
"HUN","AVWAGE","TOT","USD","A","2005",22438.3618536691,
"HUN","AVWAGE","TOT","USD","A","2006",22874.70203962,
"HUN","AVWAGE","TOT","USD","A","2007",22705.0639650879,
"HUN","AVWAGE","TOT","USD","A","2008",23021.2956335465,
"HUN","AVWAGE","TOT","USD","A","2009",21704.9517002736,
"HUN","AVWAGE","TOT","USD","A","2010",21991.4515250729,
"HUN","AVWAGE","TOT","USD","A","2011",22275.5023240536,
"HUN","AVWAGE","TOT","USD","A","2012",21533.7985602137,
"HUN","AVWAGE","TOT","USD","A","2013",21310.7788205027,
"HUN","AVWAGE","TOT","USD","A","2014",21030.7013397901,
"HUN","AVWAGE","TOT","USD","A","2015",21193.7019748853,
"HUN","AVWAGE","TOT","USD","A","2016",21385.9900179807,
"HUN","AVWAGE","TOT","USD","A","2017",22932.8795299802,
"HUN","AVWAGE","TOT","USD","A","2018",24056.025348271,
"HUN","AVWAGE","TOT","USD","A","2019",24852.7035959588,
"HUN","AVWAGE","TOT","USD","A","2020",25274.6430734428,
"HUN","AVWAGE","TOT","USD","A","2021",26268.0369337144,
"IRL","AVWAGE","TOT","USD","A","1990",26862.5192830562,
"IRL","AVWAGE","TOT","USD","A","1991",27972.400891202,
"IRL","AVWAGE","TOT","USD","A","1992",29137.9508687056,
"IRL","AVWAGE","TOT","USD","A","1993",30580.2907558098,
"IRL","AVWAGE","TOT","USD","A","1994",30779.9058830745,
"IRL","AVWAGE","TOT","USD","A","1995",31326.3337690155,
"IRL","AVWAGE","TOT","USD","A","1996",31801.0349339223,
"IRL","AVWAGE","TOT","USD","A","1997",33565.687233841,
"IRL","AVWAGE","TOT","USD","A","1998",35558.7440935331,
"IRL","AVWAGE","TOT","USD","A","1999",36367.1193747759,
"IRL","AVWAGE","TOT","USD","A","2000",37155.235995148,
"IRL","AVWAGE","TOT","USD","A","2001",38575.8948508008,
"IRL","AVWAGE","TOT","USD","A","2002",38968.0393573658,
"IRL","AVWAGE","TOT","USD","A","2003",40141.8306228462,
"IRL","AVWAGE","TOT","USD","A","2004",41499.8591948767,
"IRL","AVWAGE","TOT","USD","A","2005",43042.7917098121,
"IRL","AVWAGE","TOT","USD","A","2006",43408.382970429,
"IRL","AVWAGE","TOT","USD","A","2007",44660.9331148073,
"IRL","AVWAGE","TOT","USD","A","2008",46416.5333137634,
"IRL","AVWAGE","TOT","USD","A","2009",50191.0806480324,
"IRL","AVWAGE","TOT","USD","A","2010",50349.6186589652,
"IRL","AVWAGE","TOT","USD","A","2011",49757.5205468858,
"IRL","AVWAGE","TOT","USD","A","2012",49401.3812825716,
"IRL","AVWAGE","TOT","USD","A","2013",48266.1960432386,
"IRL","AVWAGE","TOT","USD","A","2014",47981.406664507,
"IRL","AVWAGE","TOT","USD","A","2015",47926.2351539284,
"IRL","AVWAGE","TOT","USD","A","2016",48576.1930325078,
"IRL","AVWAGE","TOT","USD","A","2017",49194.6667553763,
"IRL","AVWAGE","TOT","USD","A","2018",49552.9862607009,
"IRL","AVWAGE","TOT","USD","A","2019",50447.9581379289,
"IRL","AVWAGE","TOT","USD","A","2020",50751.3923804161,
"IRL","AVWAGE","TOT","USD","A","2021",51045.0787116261,
"ITA","AVWAGE","TOT","USD","A","1990",40282.0737299395,
"ITA","AVWAGE","TOT","USD","A","1991",40620.4883151397,
"ITA","AVWAGE","TOT","USD","A","1992",40581.1632082795,
"ITA","AVWAGE","TOT","USD","A","1993",39956.0793372764,
"ITA","AVWAGE","TOT","USD","A","1994",39438.6698038646,
"ITA","AVWAGE","TOT","USD","A","1995",38575.2494874017,
"ITA","AVWAGE","TOT","USD","A","1996",38888.5527853286,
"ITA","AVWAGE","TOT","USD","A","1997",39998.7170644818,
"ITA","AVWAGE","TOT","USD","A","1998",40132.6666921689,
"ITA","AVWAGE","TOT","USD","A","1999",40591.69010925,
"ITA","AVWAGE","TOT","USD","A","2000",40574.8935825587,
"ITA","AVWAGE","TOT","USD","A","2001",40862.3745865276,
"ITA","AVWAGE","TOT","USD","A","2002",40572.9991356831,
"ITA","AVWAGE","TOT","USD","A","2003",40461.0260455649,
"ITA","AVWAGE","TOT","USD","A","2004",41244.2822031254,
"ITA","AVWAGE","TOT","USD","A","2005",41792.9012941104,
"ITA","AVWAGE","TOT","USD","A","2006",42052.4030865912,
"ITA","AVWAGE","TOT","USD","A","2007",42038.2190799334,
"ITA","AVWAGE","TOT","USD","A","2008",41984.6047402379,
"ITA","AVWAGE","TOT","USD","A","2009",42305.508040975,
"ITA","AVWAGE","TOT","USD","A","2010",42669.1121098793,
"ITA","AVWAGE","TOT","USD","A","2011",41981.3474944712,
"ITA","AVWAGE","TOT","USD","A","2012",40654.6113437852,
"ITA","AVWAGE","TOT","USD","A","2013",40783.7279388462,
"ITA","AVWAGE","TOT","USD","A","2014",40939.7003746712,
"ITA","AVWAGE","TOT","USD","A","2015",41300.2733336456,
"ITA","AVWAGE","TOT","USD","A","2016",41629.126030765,
"ITA","AVWAGE","TOT","USD","A","2017",41354.645592233,
"ITA","AVWAGE","TOT","USD","A","2018",41414.8416985773,
"ITA","AVWAGE","TOT","USD","A","2019",41625.2801490976,
"ITA","AVWAGE","TOT","USD","A","2020",39207.8129041127,
"ITA","AVWAGE","TOT","USD","A","2021",40767.203813809,
"JPN","AVWAGE","TOT","USD","A","1990",37369.9210130677,
"JPN","AVWAGE","TOT","USD","A","1991",37866.1856581461,
"JPN","AVWAGE","TOT","USD","A","1992",37980.674196536,
"JPN","AVWAGE","TOT","USD","A","1993",37614.4708175957,
"JPN","AVWAGE","TOT","USD","A","1994",37992.783349472,
"JPN","AVWAGE","TOT","USD","A","1995",38434.6566712956,
"JPN","AVWAGE","TOT","USD","A","1996",38594.5157980876,
"JPN","AVWAGE","TOT","USD","A","1997",38900.1111985025,
"JPN","AVWAGE","TOT","USD","A","1998",38736.5391902857,
"JPN","AVWAGE","TOT","USD","A","1999",38606.6561163847,
"JPN","AVWAGE","TOT","USD","A","2000",38823.4636854066,
"JPN","AVWAGE","TOT","USD","A","2001",38428.1660132626,
"JPN","AVWAGE","TOT","USD","A","2002",37652.1117113793,
"JPN","AVWAGE","TOT","USD","A","2003",37684.4300093154,
"JPN","AVWAGE","TOT","USD","A","2004",38313.8338144174,
"JPN","AVWAGE","TOT","USD","A","2005",39299.4133922074,
"JPN","AVWAGE","TOT","USD","A","2006",39276.0062270851,
"JPN","AVWAGE","TOT","USD","A","2007",39170.8312732221,
"JPN","AVWAGE","TOT","USD","A","2008",38855.8943836432,
"JPN","AVWAGE","TOT","USD","A","2009",38299.657736963,
"JPN","AVWAGE","TOT","USD","A","2010",38420.9899271287,
"JPN","AVWAGE","TOT","USD","A","2011",39037.3038970032,
"JPN","AVWAGE","TOT","USD","A","2012",38387.617445982,
"JPN","AVWAGE","TOT","USD","A","2013",38417.8415023552,
"JPN","AVWAGE","TOT","USD","A","2014",37725.9974487493,
"JPN","AVWAGE","TOT","USD","A","2015",37542.4742517803,
"JPN","AVWAGE","TOT","USD","A","2016",38056.0421792069,
"JPN","AVWAGE","TOT","USD","A","2017",38150.9261039504,
"JPN","AVWAGE","TOT","USD","A","2018",38583.6233688726,
"JPN","AVWAGE","TOT","USD","A","2019",39077.0157833559,
"JPN","AVWAGE","TOT","USD","A","2020",38850.0172427144,
"JPN","AVWAGE","TOT","USD","A","2021",39711.4297446814,
"KOR","AVWAGE","TOT","USD","A","1990",22058.8868537215,
"KOR","AVWAGE","TOT","USD","A","1991",23029.7109883012,
"KOR","AVWAGE","TOT","USD","A","1992",24044.9633578136,
"KOR","AVWAGE","TOT","USD","A","1993",25473.0693061745,
"KOR","AVWAGE","TOT","USD","A","1994",25993.7491383285,
"KOR","AVWAGE","TOT","USD","A","1995",28533.0324299236,
"KOR","AVWAGE","TOT","USD","A","1996",29877.5104704048,
"KOR","AVWAGE","TOT","USD","A","1997",29267.8997202124,
"KOR","AVWAGE","TOT","USD","A","1998",28965.582775918,
"KOR","AVWAGE","TOT","USD","A","1999",29231.745126618,
"KOR","AVWAGE","TOT","USD","A","2000",29505.4946772628,
"KOR","AVWAGE","TOT","USD","A","2001",30528.13740471,
"KOR","AVWAGE","TOT","USD","A","2002",31577.9483855717,
"KOR","AVWAGE","TOT","USD","A","2003",32744.8087085357,
"KOR","AVWAGE","TOT","USD","A","2004",33483.632293358,
"KOR","AVWAGE","TOT","USD","A","2005",34516.4997738323,
"KOR","AVWAGE","TOT","USD","A","2006",34961.1397758726,
"KOR","AVWAGE","TOT","USD","A","2007",35717.3675812774,
"KOR","AVWAGE","TOT","USD","A","2008",35610.8652657547,
"KOR","AVWAGE","TOT","USD","A","2009",35795.4389762404,
"KOR","AVWAGE","TOT","USD","A","2010",36357.649756566,
"KOR","AVWAGE","TOT","USD","A","2011",36834.5095374574,
"KOR","AVWAGE","TOT","USD","A","2012",36293.2522423141,
"KOR","AVWAGE","TOT","USD","A","2013",37209.0941115754,
"KOR","AVWAGE","TOT","USD","A","2014",37286.9500724865,
"KOR","AVWAGE","TOT","USD","A","2015",38323.1495521807,
"KOR","AVWAGE","TOT","USD","A","2016",39446.5164992617,
"KOR","AVWAGE","TOT","USD","A","2017",40374.0110243799,
"KOR","AVWAGE","TOT","USD","A","2018",41765.2288876683,
"KOR","AVWAGE","TOT","USD","A","2019",43199.5152506013,
"KOR","AVWAGE","TOT","USD","A","2020",43341.6301363788,
"KOR","AVWAGE","TOT","USD","A","2021",42747.1094597402,
"LUX","AVWAGE","TOT","USD","A","1990",51687.8680471653,
"LUX","AVWAGE","TOT","USD","A","1991",53148.631372795,
"LUX","AVWAGE","TOT","USD","A","1992",54560.7825010793,
"LUX","AVWAGE","TOT","USD","A","1993",55617.9307588274,
"LUX","AVWAGE","TOT","USD","A","1994",56518.1688842019,
"LUX","AVWAGE","TOT","USD","A","1995",56479.8801593827,
"LUX","AVWAGE","TOT","USD","A","1996",57210.3553498956,
"LUX","AVWAGE","TOT","USD","A","1997",58289.9159386915,
"LUX","AVWAGE","TOT","USD","A","1998",58429.1807273067,
"LUX","AVWAGE","TOT","USD","A","1999",59742.8248736751,
"LUX","AVWAGE","TOT","USD","A","2000",61736.045349325,
"LUX","AVWAGE","TOT","USD","A","2001",62125.4025833651,
"LUX","AVWAGE","TOT","USD","A","2002",63398.7643685613,
"LUX","AVWAGE","TOT","USD","A","2003",62945.5601966319,
"LUX","AVWAGE","TOT","USD","A","2004",63658.6375618668,
"LUX","AVWAGE","TOT","USD","A","2005",63966.1687716434,
"LUX","AVWAGE","TOT","USD","A","2006",64851.3713224359,
"LUX","AVWAGE","TOT","USD","A","2007",66606.5032982332,
"LUX","AVWAGE","TOT","USD","A","2008",66260.3779114158,
"LUX","AVWAGE","TOT","USD","A","2009",68323.7111808846,
"LUX","AVWAGE","TOT","USD","A","2010",68363.8881172044,
"LUX","AVWAGE","TOT","USD","A","2011",68750.4342044103,
"LUX","AVWAGE","TOT","USD","A","2012",68035.0928885926,
"LUX","AVWAGE","TOT","USD","A","2013",68852.512316231,
"LUX","AVWAGE","TOT","USD","A","2014",70029.042596837,
"LUX","AVWAGE","TOT","USD","A","2015",70388.5812017006,
"LUX","AVWAGE","TOT","USD","A","2016",70174.4519655124,
"LUX","AVWAGE","TOT","USD","A","2017",71070.972989562,
"LUX","AVWAGE","TOT","USD","A","2018",71131.6950721728,
"LUX","AVWAGE","TOT","USD","A","2019",71250.8412977186,
"LUX","AVWAGE","TOT","USD","A","2020",71222.8927682139,
"LUX","AVWAGE","TOT","USD","A","2021",73656.7944725552,
"MEX","AVWAGE","TOT","USD","A","1990",15529.9640078847,
"MEX","AVWAGE","TOT","USD","A","1991",16350.8612499106,
"MEX","AVWAGE","TOT","USD","A","1992",17240.6284368066,
"MEX","AVWAGE","TOT","USD","A","1993",17940.236414717,
"MEX","AVWAGE","TOT","USD","A","1994",18395.5898342994,
"MEX","AVWAGE","TOT","USD","A","1995",15149.3876933601,
"MEX","AVWAGE","TOT","USD","A","1996",14272.4689798608,
"MEX","AVWAGE","TOT","USD","A","1997",14979.4830894386,
"MEX","AVWAGE","TOT","USD","A","1998",15802.8996634471,
"MEX","AVWAGE","TOT","USD","A","1999",16447.091739232,
"MEX","AVWAGE","TOT","USD","A","2000",17309.7202701433,
"MEX","AVWAGE","TOT","USD","A","2001",18312.2502559511,
"MEX","AVWAGE","TOT","USD","A","2002",18240.4287830145,
"MEX","AVWAGE","TOT","USD","A","2003",18560.6158016062,
"MEX","AVWAGE","TOT","USD","A","2004",18649.152462012,
"MEX","AVWAGE","TOT","USD","A","2005",18776.9767159783,
"MEX","AVWAGE","TOT","USD","A","2006",18745.113721779,
"MEX","AVWAGE","TOT","USD","A","2007",18816.9743578406,
"MEX","AVWAGE","TOT","USD","A","2008",18655.0041922051,
"MEX","AVWAGE","TOT","USD","A","2009",18805.4003215479,
"MEX","AVWAGE","TOT","USD","A","2010",17617.4874577378,
"MEX","AVWAGE","TOT","USD","A","2011",17775.6887535672,
"MEX","AVWAGE","TOT","USD","A","2012",17456.3450558194,
"MEX","AVWAGE","TOT","USD","A","2013",17468.8208419692,
"MEX","AVWAGE","TOT","USD","A","2014",17502.0732862651,
"MEX","AVWAGE","TOT","USD","A","2015",17729.4503035916,
"MEX","AVWAGE","TOT","USD","A","2016",17520.7889165033,
"MEX","AVWAGE","TOT","USD","A","2017",17474.5231131432,
"MEX","AVWAGE","TOT","USD","A","2018",17864.3463617808,
"MEX","AVWAGE","TOT","USD","A","2019",18033.3000581825,
"MEX","AVWAGE","TOT","USD","A","2020",17456.9519954475,
"MEX","AVWAGE","TOT","USD","A","2021",16429.2635893051,
"NLD","AVWAGE","TOT","USD","A","1990",53650.472246746,
"NLD","AVWAGE","TOT","USD","A","1991",54070.6775237385,
"NLD","AVWAGE","TOT","USD","A","1992",54355.8323358498,
"NLD","AVWAGE","TOT","USD","A","1993",55270.9609404697,
"NLD","AVWAGE","TOT","USD","A","1994",55672.2116406794,
"NLD","AVWAGE","TOT","USD","A","1995",54590.1244438184,
"NLD","AVWAGE","TOT","USD","A","1996",54408.6590710673,
"NLD","AVWAGE","TOT","USD","A","1997",54578.3555408167,
"NLD","AVWAGE","TOT","USD","A","1998",52830.976917974,
"NLD","AVWAGE","TOT","USD","A","1999",53840.0798302498,
"NLD","AVWAGE","TOT","USD","A","2000",55157.8085217367,
"NLD","AVWAGE","TOT","USD","A","2001",55976.2519207602,
"NLD","AVWAGE","TOT","USD","A","2002",56149.8764175601,
"NLD","AVWAGE","TOT","USD","A","2003",56546.1112849744,
"NLD","AVWAGE","TOT","USD","A","2004",57435.585338303,
"NLD","AVWAGE","TOT","USD","A","2005",57435.2978155562,
"NLD","AVWAGE","TOT","USD","A","2006",57310.3123912023,
"NLD","AVWAGE","TOT","USD","A","2007",58109.1135759089,
"NLD","AVWAGE","TOT","USD","A","2008",58461.6316405738,
"NLD","AVWAGE","TOT","USD","A","2009",60919.7593746743,
"NLD","AVWAGE","TOT","USD","A","2010",60860.9659343676,
"NLD","AVWAGE","TOT","USD","A","2011",60589.2185375162,
"NLD","AVWAGE","TOT","USD","A","2012",60792.4973810916,
"NLD","AVWAGE","TOT","USD","A","2013",60971.7742894356,
"NLD","AVWAGE","TOT","USD","A","2014",60646.0319905911,
"NLD","AVWAGE","TOT","USD","A","2015",61383.2212029571,
"NLD","AVWAGE","TOT","USD","A","2016",61630.7085780488,
"NLD","AVWAGE","TOT","USD","A","2017",61186.4103776484,
"NLD","AVWAGE","TOT","USD","A","2018",60514.9759614184,
"NLD","AVWAGE","TOT","USD","A","2019",60140.0594526848,
"NLD","AVWAGE","TOT","USD","A","2020",61560.268470885,
"NLD","AVWAGE","TOT","USD","A","2021",60922.6046568573,
"NOR","AVWAGE","TOT","USD","A","1990",32618.5097656685,
"NOR","AVWAGE","TOT","USD","A","1991",32979.6237574189,
"NOR","AVWAGE","TOT","USD","A","1992",33401.1694456254,
"NOR","AVWAGE","TOT","USD","A","1993",33719.7779499892,
"NOR","AVWAGE","TOT","USD","A","1994",34407.1682480709,
"NOR","AVWAGE","TOT","USD","A","1995",34728.4837343724,
"NOR","AVWAGE","TOT","USD","A","1996",35764.752143209,
"NOR","AVWAGE","TOT","USD","A","1997",36554.5097208177,
"NOR","AVWAGE","TOT","USD","A","1998",37899.3480246313,
"NOR","AVWAGE","TOT","USD","A","1999",39121.7798510389,
"NOR","AVWAGE","TOT","USD","A","2000",39466.0946462092,
"NOR","AVWAGE","TOT","USD","A","2001",40569.6420713005,
"NOR","AVWAGE","TOT","USD","A","2002",42076.2677789548,
"NOR","AVWAGE","TOT","USD","A","2003",42630.8440099756,
"NOR","AVWAGE","TOT","USD","A","2004",44066.5645146533,
"NOR","AVWAGE","TOT","USD","A","2005",45340.0555165125,
"NOR","AVWAGE","TOT","USD","A","2006",47150.4072494647,
"NOR","AVWAGE","TOT","USD","A","2007",49243.9620261781,
"NOR","AVWAGE","TOT","USD","A","2008",50279.3472032024,
"NOR","AVWAGE","TOT","USD","A","2009",50803.8834934501,
"NOR","AVWAGE","TOT","USD","A","2010",51471.0835340886,
"NOR","AVWAGE","TOT","USD","A","2011",53279.9890262897,
"NOR","AVWAGE","TOT","USD","A","2012",54731.795640925,
"NOR","AVWAGE","TOT","USD","A","2013",55851.6441660469,
"NOR","AVWAGE","TOT","USD","A","2014",56104.0975382273,
"NOR","AVWAGE","TOT","USD","A","2015",56384.7211498279,
"NOR","AVWAGE","TOT","USD","A","2016",55473.1367126417,
"NOR","AVWAGE","TOT","USD","A","2017",55332.0098039175,
"NOR","AVWAGE","TOT","USD","A","2018",55710.151803035,
"NOR","AVWAGE","TOT","USD","A","2019",56704.8849178672,
"NOR","AVWAGE","TOT","USD","A","2020",56719.7392546549,
"NOR","AVWAGE","TOT","USD","A","2021",58377.006567139,
"POL","AVWAGE","TOT","USD","A","1995",17126.7559260968,
"POL","AVWAGE","TOT","USD","A","1996",18481.2066136892,
"POL","AVWAGE","TOT","USD","A","1997",19441.0715119948,
"POL","AVWAGE","TOT","USD","A","1998",20020.4693713855,
"POL","AVWAGE","TOT","USD","A","1999",21756.0499215979,
"POL","AVWAGE","TOT","USD","A","2000",21858.728237625,
"POL","AVWAGE","TOT","USD","A","2001",23107.5653103793,
"POL","AVWAGE","TOT","USD","A","2002",23012.4333547043,
"POL","AVWAGE","TOT","USD","A","2003",23290.6999255796,
"POL","AVWAGE","TOT","USD","A","2004",22773.7956376634,
"POL","AVWAGE","TOT","USD","A","2005",22731.0849616241,
"POL","AVWAGE","TOT","USD","A","2006",22880.0710086038,
"POL","AVWAGE","TOT","USD","A","2007",23615.6432256176,
"POL","AVWAGE","TOT","USD","A","2008",24874.9818765438,
"POL","AVWAGE","TOT","USD","A","2009",24810.9416603131,
"POL","AVWAGE","TOT","USD","A","2010",25511.5612228822,
"POL","AVWAGE","TOT","USD","A","2011",25480.7308267439,
"POL","AVWAGE","TOT","USD","A","2012",25217.8248182505,
"POL","AVWAGE","TOT","USD","A","2013",25486.2513363194,
"POL","AVWAGE","TOT","USD","A","2014",26025.5267930872,
"POL","AVWAGE","TOT","USD","A","2015",26709.7707761107,
"POL","AVWAGE","TOT","USD","A","2016",28050.6896604211,
"POL","AVWAGE","TOT","USD","A","2017",29236.4770516899,
"POL","AVWAGE","TOT","USD","A","2018",31213.4133092151,
"POL","AVWAGE","TOT","USD","A","2019",32695.4322746509,
"POL","AVWAGE","TOT","USD","A","2020",33330.3226849049,
"POL","AVWAGE","TOT","USD","A","2021",33566.2789446222,
"PRT","AVWAGE","TOT","USD","A","1995",25403.6622688114,
"PRT","AVWAGE","TOT","USD","A","1996",26343.5152649401,
"PRT","AVWAGE","TOT","USD","A","1997",27028.4175093311,
"PRT","AVWAGE","TOT","USD","A","1998",27366.583955339,
"PRT","AVWAGE","TOT","USD","A","1999",28298.6430107348,
"PRT","AVWAGE","TOT","USD","A","2000",28691.8452658434,
"PRT","AVWAGE","TOT","USD","A","2001",28807.0664114458,
"PRT","AVWAGE","TOT","USD","A","2002",28794.6546305375,
"PRT","AVWAGE","TOT","USD","A","2003",28728.3166333835,
"PRT","AVWAGE","TOT","USD","A","2004",28766.4524811363,
"PRT","AVWAGE","TOT","USD","A","2005",28609.201266578,
"PRT","AVWAGE","TOT","USD","A","2006",27988.2933437366,
"PRT","AVWAGE","TOT","USD","A","2007",28174.9644538306,
"PRT","AVWAGE","TOT","USD","A","2008",28080.944222886,
"PRT","AVWAGE","TOT","USD","A","2009",29378.4312784461,
"PRT","AVWAGE","TOT","USD","A","2010",29260.3025648997,
"PRT","AVWAGE","TOT","USD","A","2011",28548.020226233,
"PRT","AVWAGE","TOT","USD","A","2012",27321.4310009088,
"PRT","AVWAGE","TOT","USD","A","2013",27840.2049450758,
"PRT","AVWAGE","TOT","USD","A","2014",27360.5189798253,
"PRT","AVWAGE","TOT","USD","A","2015",27277.8330286293,
"PRT","AVWAGE","TOT","USD","A","2016",27134.7079243083,
"PRT","AVWAGE","TOT","USD","A","2017",27244.3598125418,
"PRT","AVWAGE","TOT","USD","A","2018",27695.9488231657,
"PRT","AVWAGE","TOT","USD","A","2019",28790.3670832311,
"PRT","AVWAGE","TOT","USD","A","2020",29093.1255424424,
"PRT","AVWAGE","TOT","USD","A","2021",29740.2954323036,
"SVK","AVWAGE","TOT","USD","A","1994",10581.771420389,
"SVK","AVWAGE","TOT","USD","A","1995",11396.8885674064,
"SVK","AVWAGE","TOT","USD","A","1996",12324.3745012172,
"SVK","AVWAGE","TOT","USD","A","1997",13993.4663143245,
"SVK","AVWAGE","TOT","USD","A","1998",14544.2510396693,
"SVK","AVWAGE","TOT","USD","A","1999",14241.4007867447,
"SVK","AVWAGE","TOT","USD","A","2000",14786.275297452,
"SVK","AVWAGE","TOT","USD","A","2001",14785.4007157266,
"SVK","AVWAGE","TOT","USD","A","2002",15547.4951338128,
"SVK","AVWAGE","TOT","USD","A","2003",15848.0152199301,
"SVK","AVWAGE","TOT","USD","A","2004",16077.6022384448,
"SVK","AVWAGE","TOT","USD","A","2005",17064.0251518126,
"SVK","AVWAGE","TOT","USD","A","2006",17654.8035354837,
"SVK","AVWAGE","TOT","USD","A","2007",18737.8454834238,
"SVK","AVWAGE","TOT","USD","A","2008",18931.2161542892,
"SVK","AVWAGE","TOT","USD","A","2009",19575.0125425904,
"SVK","AVWAGE","TOT","USD","A","2010",20427.2619057228,
"SVK","AVWAGE","TOT","USD","A","2011",20248.8293740462,
"SVK","AVWAGE","TOT","USD","A","2012",19996.421653742,
"SVK","AVWAGE","TOT","USD","A","2013",20149.3478549125,
"SVK","AVWAGE","TOT","USD","A","2014",20553.2012349736,
"SVK","AVWAGE","TOT","USD","A","2015",21360.3605740993,
"SVK","AVWAGE","TOT","USD","A","2016",22039.3498506095,
"SVK","AVWAGE","TOT","USD","A","2017",22692.7850948861,
"SVK","AVWAGE","TOT","USD","A","2018",23333.3833395461,
"SVK","AVWAGE","TOT","USD","A","2019",24095.5328882777,
"SVK","AVWAGE","TOT","USD","A","2020",24406.7456538289,
"SVK","AVWAGE","TOT","USD","A","2021",24804.671139622,
"ESP","AVWAGE","TOT","USD","A","1990",36265.4046583971,
"ESP","AVWAGE","TOT","USD","A","1991",37421.8878505212,
"ESP","AVWAGE","TOT","USD","A","1992",38804.7948252745,
"ESP","AVWAGE","TOT","USD","A","1993",39424.6544438759,
"ESP","AVWAGE","TOT","USD","A","1994",39836.3810647241,
"ESP","AVWAGE","TOT","USD","A","1995",39045.8760773717,
"ESP","AVWAGE","TOT","USD","A","1996",39574.7057557362,
"ESP","AVWAGE","TOT","USD","A","1997",39617.1281133814,
"ESP","AVWAGE","TOT","USD","A","1998",39828.9188720135,
"ESP","AVWAGE","TOT","USD","A","1999",39805.5543907155,
"ESP","AVWAGE","TOT","USD","A","2000",38940.0267215148,
"ESP","AVWAGE","TOT","USD","A","2001",38736.2520315131,
"ESP","AVWAGE","TOT","USD","A","2002",38930.4214506944,
"ESP","AVWAGE","TOT","USD","A","2003",38732.4456349163,
"ESP","AVWAGE","TOT","USD","A","2004",38239.5000427859,
"ESP","AVWAGE","TOT","USD","A","2005",38404.387844485,
"ESP","AVWAGE","TOT","USD","A","2006",38221.0114187519,
"ESP","AVWAGE","TOT","USD","A","2007",38635.0694056528,
"ESP","AVWAGE","TOT","USD","A","2008",40000.4247077932,
"ESP","AVWAGE","TOT","USD","A","2009",42517.9211558175,
"ESP","AVWAGE","TOT","USD","A","2010",42115.8322690389,
"ESP","AVWAGE","TOT","USD","A","2011",41363.4896260308,
"ESP","AVWAGE","TOT","USD","A","2012",40205.2278657672,
"ESP","AVWAGE","TOT","USD","A","2013",40208.3882636177,
"ESP","AVWAGE","TOT","USD","A","2014",40084.8582217399,
"ESP","AVWAGE","TOT","USD","A","2015",40684.384215252,
"ESP","AVWAGE","TOT","USD","A","2016",40454.9984942639,
"ESP","AVWAGE","TOT","USD","A","2017",39927.3834496192,
"ESP","AVWAGE","TOT","USD","A","2018",39794.1061416166,
"ESP","AVWAGE","TOT","USD","A","2019",39877.2153582443,
"ESP","AVWAGE","TOT","USD","A","2020",38425.8737390982,
"ESP","AVWAGE","TOT","USD","A","2021",39202.3010628664,
"SWE","AVWAGE","TOT","USD","A","1990",29855.1416545656,
"SWE","AVWAGE","TOT","USD","A","1991",28433.5883643154,
"SWE","AVWAGE","TOT","USD","A","1992",29324.5677783177,
"SWE","AVWAGE","TOT","USD","A","1993",28940.3411114653,
"SWE","AVWAGE","TOT","USD","A","1994",29649.2100642394,
"SWE","AVWAGE","TOT","USD","A","1995",29716.0052654696,
"SWE","AVWAGE","TOT","USD","A","1996",31489.8692243738,
"SWE","AVWAGE","TOT","USD","A","1997",32731.8256749799,
"SWE","AVWAGE","TOT","USD","A","1998",33809.6692287256,
"SWE","AVWAGE","TOT","USD","A","1999",34520.6165589901,
"SWE","AVWAGE","TOT","USD","A","2000",35613.264782673,
"SWE","AVWAGE","TOT","USD","A","2001",36031.0872246814,
"SWE","AVWAGE","TOT","USD","A","2002",36506.0878820435,
"SWE","AVWAGE","TOT","USD","A","2003",36815.7160171256,
"SWE","AVWAGE","TOT","USD","A","2004",38038.4671460666,
"SWE","AVWAGE","TOT","USD","A","2005",38996.721690243,
"SWE","AVWAGE","TOT","USD","A","2006",40081.9330187544,
"SWE","AVWAGE","TOT","USD","A","2007",41422.6018608616,
"SWE","AVWAGE","TOT","USD","A","2008",42217.400667076,
"SWE","AVWAGE","TOT","USD","A","2009",42368.2004935797,
"SWE","AVWAGE","TOT","USD","A","2010",42885.4438130494,
"SWE","AVWAGE","TOT","USD","A","2011",43523.7236155237,
"SWE","AVWAGE","TOT","USD","A","2012",44447.1311275595,
"SWE","AVWAGE","TOT","USD","A","2013",44938.7002392389,
"SWE","AVWAGE","TOT","USD","A","2014",45438.5366167834,
"SWE","AVWAGE","TOT","USD","A","2015",46131.9717938222,
"SWE","AVWAGE","TOT","USD","A","2016",46848.5439208102,
"SWE","AVWAGE","TOT","USD","A","2017",47100.7117172587,
"SWE","AVWAGE","TOT","USD","A","2018",47338.8314394413,
"SWE","AVWAGE","TOT","USD","A","2019",47834.7225355909,
"SWE","AVWAGE","TOT","USD","A","2020",48430.2302010573,
"SWE","AVWAGE","TOT","USD","A","2021",48951.1026657769,
"CHE","AVWAGE","TOT","USD","A","1990",53052.15149261,
"CHE","AVWAGE","TOT","USD","A","1991",53987.3966469074,
"CHE","AVWAGE","TOT","USD","A","1992",54462.9348962504,
"CHE","AVWAGE","TOT","USD","A","1993",55043.2123431975,
"CHE","AVWAGE","TOT","USD","A","1994",55749.2711124979,
"CHE","AVWAGE","TOT","USD","A","1995",55787.4222246072,
"CHE","AVWAGE","TOT","USD","A","1996",55116.8347511727,
"CHE","AVWAGE","TOT","USD","A","1997",56094.9660070118,
"CHE","AVWAGE","TOT","USD","A","1998",56262.0924203881,
"CHE","AVWAGE","TOT","USD","A","1999",57297.6247282279,
"CHE","AVWAGE","TOT","USD","A","2000",58128.6187055064,
"CHE","AVWAGE","TOT","USD","A","2001",61373.7629099651,
"CHE","AVWAGE","TOT","USD","A","2002",62610.7782619798,
"CHE","AVWAGE","TOT","USD","A","2003",62289.1522143942,
"CHE","AVWAGE","TOT","USD","A","2004",61842.146069176,
"CHE","AVWAGE","TOT","USD","A","2005",62811.3433809162,
"CHE","AVWAGE","TOT","USD","A","2006",62992.732341208,
"CHE","AVWAGE","TOT","USD","A","2007",63742.5679967119,
"CHE","AVWAGE","TOT","USD","A","2008",64062.6491606269,
"CHE","AVWAGE","TOT","USD","A","2009",65370.8201237744,
"CHE","AVWAGE","TOT","USD","A","2010",65019.3201670911,
"CHE","AVWAGE","TOT","USD","A","2011",65447.0664179713,
"CHE","AVWAGE","TOT","USD","A","2012",66424.6865031922,
"CHE","AVWAGE","TOT","USD","A","2013",67235.8450748468,
"CHE","AVWAGE","TOT","USD","A","2014",67348.3284875262,
"CHE","AVWAGE","TOT","USD","A","2015",67731.0641888089,
"CHE","AVWAGE","TOT","USD","A","2016",67225.2712716855,
"CHE","AVWAGE","TOT","USD","A","2017",66913.3587006029,
"CHE","AVWAGE","TOT","USD","A","2018",66722.9175098538,
"CHE","AVWAGE","TOT","USD","A","2019",68121.6093336129,
"CHE","AVWAGE","TOT","USD","A","2020",67105.0181009114,
"CHE","AVWAGE","TOT","USD","A","2021",68957.4526836708,
"GBR","AVWAGE","TOT","USD","A","1990",33228.8547892351,
"GBR","AVWAGE","TOT","USD","A","1991",33190.8591435827,
"GBR","AVWAGE","TOT","USD","A","1992",33839.7147015767,
"GBR","AVWAGE","TOT","USD","A","1993",34371.6209222182,
"GBR","AVWAGE","TOT","USD","A","1994",34977.4440356684,
"GBR","AVWAGE","TOT","USD","A","1995",34989.0668584098,
"GBR","AVWAGE","TOT","USD","A","1996",34946.5897411872,
"GBR","AVWAGE","TOT","USD","A","1997",36203.3772975994,
"GBR","AVWAGE","TOT","USD","A","1998",36778.9263150691,
"GBR","AVWAGE","TOT","USD","A","1999",38737.8062373543,
"GBR","AVWAGE","TOT","USD","A","2000",40560.7801323258,
"GBR","AVWAGE","TOT","USD","A","2001",42104.3090903274,
"GBR","AVWAGE","TOT","USD","A","2002",42699.2729339747,
"GBR","AVWAGE","TOT","USD","A","2003",43911.1917690286,
"GBR","AVWAGE","TOT","USD","A","2004",45191.3465638847,
"GBR","AVWAGE","TOT","USD","A","2005",45236.1160365774,
"GBR","AVWAGE","TOT","USD","A","2006",46501.3946527842,
"GBR","AVWAGE","TOT","USD","A","2007",47698.9078120867,
"GBR","AVWAGE","TOT","USD","A","2008",46589.5238514264,
"GBR","AVWAGE","TOT","USD","A","2009",46709.5561354924,
"GBR","AVWAGE","TOT","USD","A","2010",46909.8895566434,
"GBR","AVWAGE","TOT","USD","A","2011",46073.2716851121,
"GBR","AVWAGE","TOT","USD","A","2012",45524.8720256628,
"GBR","AVWAGE","TOT","USD","A","2013",46021.9566473194,
"GBR","AVWAGE","TOT","USD","A","2014",46045.380666781,
"GBR","AVWAGE","TOT","USD","A","2015",46812.6317066422,
"GBR","AVWAGE","TOT","USD","A","2016",47512.2430245162,
"GBR","AVWAGE","TOT","USD","A","2017",47613.8896284349,
"GBR","AVWAGE","TOT","USD","A","2018",47872.0636136948,
"GBR","AVWAGE","TOT","USD","A","2019",48615.8690884243,
"GBR","AVWAGE","TOT","USD","A","2020",48563.7642841697,
"GBR","AVWAGE","TOT","USD","A","2021",49979.2556841196,
"USA","AVWAGE","TOT","USD","A","1990",48789.1897440145,
"USA","AVWAGE","TOT","USD","A","1991",49120.7433932799,
"USA","AVWAGE","TOT","USD","A","1992",50259.2242594897,
"USA","AVWAGE","TOT","USD","A","1993",49976.0350696503,
"USA","AVWAGE","TOT","USD","A","1994",49784.9892850696,
"USA","AVWAGE","TOT","USD","A","1995",50067.239543044,
"USA","AVWAGE","TOT","USD","A","1996",50798.9486453196,
"USA","AVWAGE","TOT","USD","A","1997",52067.2538343043,
"USA","AVWAGE","TOT","USD","A","1998",54211.9814517411,
"USA","AVWAGE","TOT","USD","A","1999",55641.5242840595,
"USA","AVWAGE","TOT","USD","A","2000",57498.9035174666,
"USA","AVWAGE","TOT","USD","A","2001",57939.6628556631,
"USA","AVWAGE","TOT","USD","A","2002",58405.4792323863,
"USA","AVWAGE","TOT","USD","A","2003",59033.8390062937,
"USA","AVWAGE","TOT","USD","A","2004",60127.4044432791,
"USA","AVWAGE","TOT","USD","A","2005",60184.2170112976,
"USA","AVWAGE","TOT","USD","A","2006",61084.8868645938,
"USA","AVWAGE","TOT","USD","A","2007",62241.945889786,
"USA","AVWAGE","TOT","USD","A","2008",62088.5034386166,
"USA","AVWAGE","TOT","USD","A","2009",62711.3094375679,
"USA","AVWAGE","TOT","USD","A","2010",63264.8102323846,
"USA","AVWAGE","TOT","USD","A","2011",63349.4306680621,
"USA","AVWAGE","TOT","USD","A","2012",63890.2255306466,
"USA","AVWAGE","TOT","USD","A","2013",63587.7730747805,
"USA","AVWAGE","TOT","USD","A","2014",64513.4410631374,
"USA","AVWAGE","TOT","USD","A","2015",66139.5133731373,
"USA","AVWAGE","TOT","USD","A","2016",66259.724729521,
"USA","AVWAGE","TOT","USD","A","2017",66933.9728439335,
"USA","AVWAGE","TOT","USD","A","2018",67663.8360775703,
"USA","AVWAGE","TOT","USD","A","2019",68842.3066162042,
"USA","AVWAGE","TOT","USD","A","2020",72806.7540079049,
"USA","AVWAGE","TOT","USD","A","2021",74737.8453542402,
"EST","AVWAGE","TOT","USD","A","1995",9316.4634554219,
"EST","AVWAGE","TOT","USD","A","1996",9932.84596441986,
"EST","AVWAGE","TOT","USD","A","1997",10824.6722747946,
"EST","AVWAGE","TOT","USD","A","1998",11561.3506290423,
"EST","AVWAGE","TOT","USD","A","1999",12093.7172960072,
"EST","AVWAGE","TOT","USD","A","2000",13049.698444745,
"EST","AVWAGE","TOT","USD","A","2001",13530.2838012494,
"EST","AVWAGE","TOT","USD","A","2002",14304.0787670199,
"EST","AVWAGE","TOT","USD","A","2003",15653.5315281134,
"EST","AVWAGE","TOT","USD","A","2004",16959.6804514333,
"EST","AVWAGE","TOT","USD","A","2005",18097.7567097939,
"EST","AVWAGE","TOT","USD","A","2006",19710.9213940617,
"EST","AVWAGE","TOT","USD","A","2007",22920.1293944947,
"EST","AVWAGE","TOT","USD","A","2008",23220.7975825552,
"EST","AVWAGE","TOT","USD","A","2009",22558.8749737426,
"EST","AVWAGE","TOT","USD","A","2010",22426.2977939124,
"EST","AVWAGE","TOT","USD","A","2011",21952.7435096521,
"EST","AVWAGE","TOT","USD","A","2012",22220.6107867084,
"EST","AVWAGE","TOT","USD","A","2013",22759.1222597647,
"EST","AVWAGE","TOT","USD","A","2014",23958.7400470747,
"EST","AVWAGE","TOT","USD","A","2015",25084.6044824345,
"EST","AVWAGE","TOT","USD","A","2016",26453.4693925694,
"EST","AVWAGE","TOT","USD","A","2017",27059.3912712127,
"EST","AVWAGE","TOT","USD","A","2018",28533.3902591232,
"EST","AVWAGE","TOT","USD","A","2019",30212.814486472,
"EST","AVWAGE","TOT","USD","A","2020",32017.2536726462,
"EST","AVWAGE","TOT","USD","A","2021",33188.1162985511,
"ISR","AVWAGE","TOT","USD","A","1995",29413.8618794101,
"ISR","AVWAGE","TOT","USD","A","1996",31974.4338923809,
"ISR","AVWAGE","TOT","USD","A","1997",32971.067310418,
"ISR","AVWAGE","TOT","USD","A","1998",34260.1535780048,
"ISR","AVWAGE","TOT","USD","A","1999",34880.6310310523,
"ISR","AVWAGE","TOT","USD","A","2000",36017.7075849572,
"ISR","AVWAGE","TOT","USD","A","2001",36541.6911580084,
"ISR","AVWAGE","TOT","USD","A","2002",35176.9558316216,
"ISR","AVWAGE","TOT","USD","A","2003",33974.9926911315,
"ISR","AVWAGE","TOT","USD","A","2004",33488.567820238,
"ISR","AVWAGE","TOT","USD","A","2005",33597.7414688303,
"ISR","AVWAGE","TOT","USD","A","2006",34541.3735264742,
"ISR","AVWAGE","TOT","USD","A","2007",34879.1254739486,
"ISR","AVWAGE","TOT","USD","A","2008",34129.2929228828,
"ISR","AVWAGE","TOT","USD","A","2009",33299.4397377855,
"ISR","AVWAGE","TOT","USD","A","2010",33256.3842037834,
"ISR","AVWAGE","TOT","USD","A","2011",33570.3851113729,
"ISR","AVWAGE","TOT","USD","A","2012",34139.998140731,
"ISR","AVWAGE","TOT","USD","A","2013",34272.5322849684,
"ISR","AVWAGE","TOT","USD","A","2014",34521.1007783491,
"ISR","AVWAGE","TOT","USD","A","2015",35546.0725838944,
"ISR","AVWAGE","TOT","USD","A","2016",36928.6201001826,
"ISR","AVWAGE","TOT","USD","A","2017",38066.6244881282,
"ISR","AVWAGE","TOT","USD","A","2018",39142.8293233069,
"ISR","AVWAGE","TOT","USD","A","2019",39960.0644052245,
"ISR","AVWAGE","TOT","USD","A","2020",40047.2423853235,
"ISR","AVWAGE","TOT","USD","A","2021",42164.806114266,
"SVN","AVWAGE","TOT","USD","A","1995",25264.1439553052,
"SVN","AVWAGE","TOT","USD","A","1996",26519.5367851749,
"SVN","AVWAGE","TOT","USD","A","1997",27933.604979529,
"SVN","AVWAGE","TOT","USD","A","1998",28276.6994963329,
"SVN","AVWAGE","TOT","USD","A","1999",28804.7299300713,
"SVN","AVWAGE","TOT","USD","A","2000",29550.0301710629,
"SVN","AVWAGE","TOT","USD","A","2001",30758.0079799206,
"SVN","AVWAGE","TOT","USD","A","2002",30840.9483780953,
"SVN","AVWAGE","TOT","USD","A","2003",31480.8044154671,
"SVN","AVWAGE","TOT","USD","A","2004",33001.4945583241,
"SVN","AVWAGE","TOT","USD","A","2005",34258.7762299857,
"SVN","AVWAGE","TOT","USD","A","2006",35399.4133115559,
"SVN","AVWAGE","TOT","USD","A","2007",36190.3153572177,
"SVN","AVWAGE","TOT","USD","A","2008",36740.532786167,
"SVN","AVWAGE","TOT","USD","A","2009",37051.6654424809,
"SVN","AVWAGE","TOT","USD","A","2010",38123.3014451669,
"SVN","AVWAGE","TOT","USD","A","2011",38007.4819267322,
"SVN","AVWAGE","TOT","USD","A","2012",36882.5250569926,
"SVN","AVWAGE","TOT","USD","A","2013",36279.0982532868,
"SVN","AVWAGE","TOT","USD","A","2014",36999.8772267526,
"SVN","AVWAGE","TOT","USD","A","2015",37779.3994336368,
"SVN","AVWAGE","TOT","USD","A","2016",39241.7706665893,
"SVN","AVWAGE","TOT","USD","A","2017",39962.1999122763,
"SVN","AVWAGE","TOT","USD","A","2018",40664.4057933789,
"SVN","AVWAGE","TOT","USD","A","2019",41860.1613488932,
"SVN","AVWAGE","TOT","USD","A","2020",43309.7173070246,
"SVN","AVWAGE","TOT","USD","A","2021",43892.4254044126,
"OECD","AVWAGE","TOT","USD","A","1990",38033.7120719554,
"OECD","AVWAGE","TOT","USD","A","1991",38280.3144134134,
"OECD","AVWAGE","TOT","USD","A","1992",39064.9631451888,
"OECD","AVWAGE","TOT","USD","A","1993",39129.9062878875,
"OECD","AVWAGE","TOT","USD","A","1994",39247.0606308864,
"OECD","AVWAGE","TOT","USD","A","1995",39362.186431023,
"OECD","AVWAGE","TOT","USD","A","1996",39767.6328252519,
"OECD","AVWAGE","TOT","USD","A","1997",40467.4447833961,
"OECD","AVWAGE","TOT","USD","A","1998",41406.9909361027,
"OECD","AVWAGE","TOT","USD","A","1999",42361.5941525342,
"OECD","AVWAGE","TOT","USD","A","2000",43239.5979085353,
"OECD","AVWAGE","TOT","USD","A","2001",43692.5997258797,
"OECD","AVWAGE","TOT","USD","A","2002",43842.9946205301,
"OECD","AVWAGE","TOT","USD","A","2003",44226.8372714323,
"OECD","AVWAGE","TOT","USD","A","2004",44859.8942466297,
"OECD","AVWAGE","TOT","USD","A","2005",45202.1869611899,
"OECD","AVWAGE","TOT","USD","A","2006",45614.499726715,
"OECD","AVWAGE","TOT","USD","A","2007",46190.6592387118,
"OECD","AVWAGE","TOT","USD","A","2008",46080.383305023,
"OECD","AVWAGE","TOT","USD","A","2009",46355.3231119194,
"OECD","AVWAGE","TOT","USD","A","2010",46428.5303826985,
"OECD","AVWAGE","TOT","USD","A","2011",46569.9714516196,
"OECD","AVWAGE","TOT","USD","A","2012",46584.2917363124,
"OECD","AVWAGE","TOT","USD","A","2013",46715.0381893771,
"OECD","AVWAGE","TOT","USD","A","2014",47079.6573639067,
"OECD","AVWAGE","TOT","USD","A","2015",47887.314892122,
"OECD","AVWAGE","TOT","USD","A","2016",48300.4101613084,
"OECD","AVWAGE","TOT","USD","A","2017",48654.7524088119,
"OECD","AVWAGE","TOT","USD","A","2018",49199.8902977004,
"OECD","AVWAGE","TOT","USD","A","2019",50050.0689654865,
"OECD","AVWAGE","TOT","USD","A","2020",50624.8873747117,
"OECD","AVWAGE","TOT","USD","A","2021",51606.8688182131,
"ISL","AVWAGE","TOT","USD","A","1990",40126.2621576618,
"ISL","AVWAGE","TOT","USD","A","1991",43380.8790281001,
"ISL","AVWAGE","TOT","USD","A","1992",41876.9017609702,
"ISL","AVWAGE","TOT","USD","A","1993",39663.4491571355,
"ISL","AVWAGE","TOT","USD","A","1994",40461.8196924712,
"ISL","AVWAGE","TOT","USD","A","1995",41436.376306062,
"ISL","AVWAGE","TOT","USD","A","1996",42749.723703169,
"ISL","AVWAGE","TOT","USD","A","1997",44562.9153678472,
"ISL","AVWAGE","TOT","USD","A","1998",49179.9507866515,
"ISL","AVWAGE","TOT","USD","A","1999",51480.2803972619,
"ISL","AVWAGE","TOT","USD","A","2000",53058.0895907206,
"ISL","AVWAGE","TOT","USD","A","2001",52651.7443085075,
"ISL","AVWAGE","TOT","USD","A","2002",54164.8912146127,
"ISL","AVWAGE","TOT","USD","A","2003",52789.3216503329,
"ISL","AVWAGE","TOT","USD","A","2004",55977.2707376187,
"ISL","AVWAGE","TOT","USD","A","2005",60319.1164321304,
"ISL","AVWAGE","TOT","USD","A","2006",63492.2702863938,
"ISL","AVWAGE","TOT","USD","A","2007",65398.880829955,
"ISL","AVWAGE","TOT","USD","A","2008",57975.6714170623,
"ISL","AVWAGE","TOT","USD","A","2009",49081.1866625024,
"ISL","AVWAGE","TOT","USD","A","2010",50508.1994308566,
"ISL","AVWAGE","TOT","USD","A","2011",52650.7545614979,
"ISL","AVWAGE","TOT","USD","A","2012",52378.0326198194,
"ISL","AVWAGE","TOT","USD","A","2013",53176.2012948351,
"ISL","AVWAGE","TOT","USD","A","2014",53931.1453329026,
"ISL","AVWAGE","TOT","USD","A","2015",57496.5236548933,
"ISL","AVWAGE","TOT","USD","A","2016",61991.1516507712,
"ISL","AVWAGE","TOT","USD","A","2017",67897.2819241499,
"ISL","AVWAGE","TOT","USD","A","2018",71756.601973718,
"ISL","AVWAGE","TOT","USD","A","2019",71002.5174020138,
"ISL","AVWAGE","TOT","USD","A","2020",68118.9155210663,
"ISL","AVWAGE","TOT","USD","A","2021",72047.3589701472,
"NZL","AVWAGE","TOT","USD","A","1990",30869.8998705207,
"NZL","AVWAGE","TOT","USD","A","1991",29652.0162942791,
"NZL","AVWAGE","TOT","USD","A","1992",30962.0088903579,
"NZL","AVWAGE","TOT","USD","A","1993",31762.1345634805,
"NZL","AVWAGE","TOT","USD","A","1994",32324.3078205339,
"NZL","AVWAGE","TOT","USD","A","1995",32178.3835602315,
"NZL","AVWAGE","TOT","USD","A","1996",32708.1617635325,
"NZL","AVWAGE","TOT","USD","A","1997",33637.0184858692,
"NZL","AVWAGE","TOT","USD","A","1998",33085.4955412444,
"NZL","AVWAGE","TOT","USD","A","1999",32671.9470834101,
"NZL","AVWAGE","TOT","USD","A","2000",32801.982176737,
"NZL","AVWAGE","TOT","USD","A","2001",33423.8924841555,
"NZL","AVWAGE","TOT","USD","A","2002",34041.5178721839,
"NZL","AVWAGE","TOT","USD","A","2003",35303.2810873826,
"NZL","AVWAGE","TOT","USD","A","2004",36539.6086328354,
"NZL","AVWAGE","TOT","USD","A","2005",37157.6374263086,
"NZL","AVWAGE","TOT","USD","A","2006",37385.4450100274,
"NZL","AVWAGE","TOT","USD","A","2007",39569.5271435299,
"NZL","AVWAGE","TOT","USD","A","2008",39110.4878389306,
"NZL","AVWAGE","TOT","USD","A","2009",39588.2125060745,
"NZL","AVWAGE","TOT","USD","A","2010",40022.2794487314,
"NZL","AVWAGE","TOT","USD","A","2011",39991.6849594779,
"NZL","AVWAGE","TOT","USD","A","2012",40855.4849245786,
"NZL","AVWAGE","TOT","USD","A","2013",40307.7496909638,
"NZL","AVWAGE","TOT","USD","A","2014",40465.8133140002,
"NZL","AVWAGE","TOT","USD","A","2015",41195.3730252816,
"NZL","AVWAGE","TOT","USD","A","2016",42535.4337596452,
"NZL","AVWAGE","TOT","USD","A","2017",42827.8801009874,
"NZL","AVWAGE","TOT","USD","A","2018",43898.3763836663,
"NZL","AVWAGE","TOT","USD","A","2019",45233.4644225101,
"NZL","AVWAGE","TOT","USD","A","2020",46125.7719467566,
"NZL","AVWAGE","TOT","USD","A","2021",46976.3871001948,
"LVA","AVWAGE","TOT","USD","A","1996",10126.2363100401,
"LVA","AVWAGE","TOT","USD","A","1997",10603.4519086741,
"LVA","AVWAGE","TOT","USD","A","1998",10925.2856694973,
"LVA","AVWAGE","TOT","USD","A","1999",11374.6538945676,
"LVA","AVWAGE","TOT","USD","A","2000",11971.518006636,
"LVA","AVWAGE","TOT","USD","A","2001",12361.7628922713,
"LVA","AVWAGE","TOT","USD","A","2002",11984.2062205982,
"LVA","AVWAGE","TOT","USD","A","2003",12841.4055662869,
"LVA","AVWAGE","TOT","USD","A","2004",13960.0639695759,
"LVA","AVWAGE","TOT","USD","A","2005",16237.124641958,
"LVA","AVWAGE","TOT","USD","A","2006",17903.7264134579,
"LVA","AVWAGE","TOT","USD","A","2007",22073.0659757635,
"LVA","AVWAGE","TOT","USD","A","2008",22775.2599076275,
"LVA","AVWAGE","TOT","USD","A","2009",20566.9525291188,
"LVA","AVWAGE","TOT","USD","A","2010",19772.4060927504,
"LVA","AVWAGE","TOT","USD","A","2011",19086.2412553667,
"LVA","AVWAGE","TOT","USD","A","2012",19860.5330974882,
"LVA","AVWAGE","TOT","USD","A","2013",20810.650176225,
"LVA","AVWAGE","TOT","USD","A","2014",22206.497121184,
"LVA","AVWAGE","TOT","USD","A","2015",24062.1277960866,
"LVA","AVWAGE","TOT","USD","A","2016",25473.3332432093,
"LVA","AVWAGE","TOT","USD","A","2017",26386.6646958621,
"LVA","AVWAGE","TOT","USD","A","2018",27357.2775302411,
"LVA","AVWAGE","TOT","USD","A","2019",28547.4561699105,
"LVA","AVWAGE","TOT","USD","A","2020",29812.7273302086,
"LVA","AVWAGE","TOT","USD","A","2021",32235.409373312,
"LTU","AVWAGE","TOT","USD","A","1995",10714.0122283415,
"LTU","AVWAGE","TOT","USD","A","1996",11950.9647816706,
"LTU","AVWAGE","TOT","USD","A","1997",13205.0890538275,
"LTU","AVWAGE","TOT","USD","A","1998",14422.1102452964,
"LTU","AVWAGE","TOT","USD","A","1999",15059.7870269496,
"LTU","AVWAGE","TOT","USD","A","2000",15121.808383641,
"LTU","AVWAGE","TOT","USD","A","2001",15964.5222317196,
"LTU","AVWAGE","TOT","USD","A","2002",17041.9116614241,
"LTU","AVWAGE","TOT","USD","A","2003",18879.7125867485,
"LTU","AVWAGE","TOT","USD","A","2004",20950.0278468997,
"LTU","AVWAGE","TOT","USD","A","2005",23143.5491459094,
"LTU","AVWAGE","TOT","USD","A","2006",26503.5775632622,
"LTU","AVWAGE","TOT","USD","A","2007",28231.0539076296,
"LTU","AVWAGE","TOT","USD","A","2008",28747.0852331434,
"LTU","AVWAGE","TOT","USD","A","2009",24963.1840584199,
"LTU","AVWAGE","TOT","USD","A","2010",25057.9202665736,
"LTU","AVWAGE","TOT","USD","A","2011",25569.1616428109,
"LTU","AVWAGE","TOT","USD","A","2012",25996.2472989433,
"LTU","AVWAGE","TOT","USD","A","2013",26980.8543566851,
"LTU","AVWAGE","TOT","USD","A","2014",28207.8855905848,
"LTU","AVWAGE","TOT","USD","A","2015",30054.9233850064,
"LTU","AVWAGE","TOT","USD","A","2016",31601.144875693,
"LTU","AVWAGE","TOT","USD","A","2017",33424.6070551171,
"LTU","AVWAGE","TOT","USD","A","2018",34952.3131506065,
"LTU","AVWAGE","TOT","USD","A","2019",37305.1416069086,
"LTU","AVWAGE","TOT","USD","A","2020",39610.5961607839,
"LTU","AVWAGE","TOT","USD","A","2021",42027.3159157365,
"TUR","AVWAGE","TOT","USD","A","2006",21839.9628670585,
"TUR","AVWAGE","TOT","USD","A","2007",22590.984709907,
"TUR","AVWAGE","TOT","USD","A","2008",22467.8758088104,
"TUR","AVWAGE","TOT","USD","A","2009",22722.9733525656,
"TUR","AVWAGE","TOT","USD","A","2010",23291.5868677003,
"TUR","AVWAGE","TOT","USD","A","2011",23666.7548738797,
"TUR","AVWAGE","TOT","USD","A","2012",24617.5774184607,
"TUR","AVWAGE","TOT","USD","A","2013",25748.9794744452,
"TUR","AVWAGE","TOT","USD","A","2014",26631.2016858859,
"TUR","AVWAGE","TOT","USD","A","2015",27308.1029608959,
"TUR","AVWAGE","TOT","USD","A","2016",30653.260715263,
"TUR","AVWAGE","TOT","USD","A","2017",30076.3789394926,
"TUR","AVWAGE","TOT","USD","A","2018",30610.7151561307,
"TUR","AVWAGE","TOT","USD","A","2019",32625.0508075616,
"TUR","AVWAGE","TOT","USD","A","2020",32482.6713098403,
