"Year","month","state","common_name","scientific_name","birds_spotted_day","longitude","latitude","birds_spotted_month"
2010,8,"Taranaki","Tomtit","Petroica macrocephala",1,174.0790028,-39.2129005,1
2010,9,"Taranaki","Caspian Tern","Hydroprogne caspia",1,174.590509,-38.81483,1
2011,5,"Taranaki","New Zealand Grebe","Poliocephalus rufopectus",1,174.4089299,-39.4543183,1
2011,5,"Taranaki","Tomtit","Petroica macrocephala",1,174.4089299,-39.4543183,1
2011,10,"Taranaki","New Zealand Grebe","Poliocephalus rufopectus",1,174.78616,-39.83001,1
2012,3,"Taranaki","Pacific Black Duck","Anas superciliosa",4,174.1230226,-39.1285167,4
2012,8,"Taranaki","Caspian Tern","Hydroprogne caspia",2,174.5116854,-39.7785577,2
2013,3,"Taranaki","New Zealand Grebe","Poliocephalus rufopectus",1,174.78616,-39.83001,1
2013,11,"Taranaki","Long-tailed Koel","Urodynamis taitensis",1,174.869669,-39.53116,1
2013,12,"Taranaki","New Zealand Grebe","Poliocephalus rufopectus",2,173.8586426,-39.4584628,2
2014,4,"Taranaki","Pacific Black Duck","Anas superciliosa",2,174.4091606,-39.4542215,2
2014,4,"Taranaki","Tomtit","Petroica macrocephala",2,174.1905834,-39.3219392,6
2014,4,"Taranaki","Tomtit","Petroica macrocephala",2,174.4091606,-39.4542215,6
2014,4,"Taranaki","Tomtit","Petroica macrocephala",2,174.4091606,-39.4542215,6
2015,1,"Taranaki","Long-tailed Koel","Urodynamis taitensis",1,174.1034746,-39.3236084,1
2015,1,"Taranaki","New Zealand Grebe","Poliocephalus rufopectus",2,173.861239,-39.457767,2
2015,1,"Taranaki","Pacific Black Duck","Anas superciliosa",2,174.1143751,-39.0406952,9
2015,1,"Taranaki","Pacific Black Duck","Anas superciliosa",7,173.861239,-39.457767,9
2016,1,"Taranaki","Tomtit","Petroica macrocephala",1,174.1229,-39.3068,1
2016,3,"Taranaki","Tomtit","Petroica macrocephala",1,174.0877546,-39.2830617,16
2016,3,"Taranaki","Tomtit","Petroica macrocephala",1,174.784863,-38.9201875,16
2016,3,"Taranaki","Tomtit","Petroica macrocephala",6,174.5969421,-39.2289372,16
2016,3,"Taranaki","Tomtit","Petroica macrocephala",8,174.7787905,-38.8595604,16
2016,4,"Taranaki","New Zealand Grebe","Poliocephalus rufopectus",1,174.1238737,-39.1220999,4
2016,4,"Taranaki","New Zealand Grebe","Poliocephalus rufopectus",3,173.861239,-39.457767,4
2016,4,"Taranaki","Pacific Black Duck","Anas superciliosa",1,174.1238737,-39.1220999,7
2016,4,"Taranaki","Pacific Black Duck","Anas superciliosa",6,173.861239,-39.457767,7
2016,4,"Taranaki","Tomtit","Petroica macrocephala",2,174.1034746,-39.3236084,18
2016,4,"Taranaki","Tomtit","Petroica macrocephala",2,174.1238737,-39.1220999,18
2016,4,"Taranaki","Tomtit","Petroica macrocephala",6,174.0884399,-39.2759489,18
2016,4,"Taranaki","Tomtit","Petroica macrocephala",8,173.979764,-39.2007515,18
2017,1,"Taranaki","Tomtit","Petroica macrocephala",2,174.4091606,-39.4542215,2
2017,2,"Taranaki","Tomtit","Petroica macrocephala",6,174.4091606,-39.4542215,6
2017,3,"Taranaki","Tomtit","Petroica macrocephala",4,174.4091606,-39.4542215,4
2017,4,"Taranaki","Caspian Tern","Hydroprogne caspia",1,174.6138883,-38.7304181,1
2017,4,"Taranaki","Tomtit","Petroica macrocephala",1,174.6960969,-39.1582017,4
2017,4,"Taranaki","Tomtit","Petroica macrocephala",3,174.4091606,-39.4542215,4
2017,6,"Taranaki","New Zealand Grebe","Poliocephalus rufopectus",1,174.1230226,-39.1285167,1
2017,7,"Taranaki","Caspian Tern","Hydroprogne caspia",1,174.1027163,-39.0406223,1
2017,7,"Taranaki","Pacific Black Duck","Anas superciliosa",8,174.4091606,-39.4542215,8
2017,7,"Taranaki","Tomtit","Petroica macrocephala",10,174.4091606,-39.4542215,20
2017,7,"Taranaki","Tomtit","Petroica macrocephala",10,174.4091606,-39.4542215,20
2017,10,"Taranaki","Tomtit","Petroica macrocephala",1,174.048472,-39.2626589,2
2017,10,"Taranaki","Tomtit","Petroica macrocephala",1,174.0955587,-39.2701444,2
2017,11,"Taranaki","Pacific Black Duck","Anas superciliosa",3,174.4121275,-39.4495982,3
2017,11,"Taranaki","Tomtit","Petroica macrocephala",1,174.1229,-39.3068,1
2017,12,"Taranaki","Caspian Tern","Hydroprogne caspia",1,174.107295,-39.046157,1
2017,12,"Taranaki","Pacific Black Duck","Anas superciliosa",2,174.1052556,-39.037253,2
2017,12,"Taranaki","Red-breasted Dotterel","Charadrius obscurus",1,174.5835471,-38.815926,1
2017,12,"Taranaki","Tomtit","Petroica macrocephala",5,174.095152,-39.318637,5
2018,1,"Taranaki","Caspian Tern","Hydroprogne caspia",2,173.8554025,-39.4582309,2
2018,1,"Taranaki","Red-breasted Dotterel","Charadrius obscurus",1,174.1848801,-38.9950667,1
2018,1,"Taranaki","Tomtit","Petroica macrocephala",16,174.1034746,-39.3236084,16
2018,2,"Taranaki","Pacific Black Duck","Anas superciliosa",1,174.591159,-38.816991,1
2018,2,"Taranaki","Red-breasted Dotterel","Charadrius obscurus",2,174.591159,-38.816991,2
2018,2,"Taranaki","Tomtit","Petroica macrocephala",4,174.1229,-39.3068,12
2018,2,"Taranaki","Tomtit","Petroica macrocephala",8,174.4091606,-39.4542215,12
2018,4,"Taranaki","Caspian Tern","Hydroprogne caspia",1,173.9226327,-39.119323,2
2018,4,"Taranaki","Caspian Tern","Hydroprogne caspia",1,174.185546,-38.99543,2
2018,4,"Taranaki","New Zealand Grebe","Poliocephalus rufopectus",3,174.3045682,-39.3428745,3
2018,4,"Taranaki","Pacific Black Duck","Anas superciliosa",1,174.1052556,-39.037253,10
2018,4,"Taranaki","Pacific Black Duck","Anas superciliosa",1,174.3045682,-39.3428745,10
2018,4,"Taranaki","Pacific Black Duck","Anas superciliosa",8,173.861239,-39.457767,10
2018,4,"Taranaki","Tomtit","Petroica macrocephala",2,174.5558238,-39.5467428,35
2018,4,"Taranaki","Tomtit","Petroica macrocephala",33,174.4091606,-39.4542215,35
2018,5,"Taranaki","Tomtit","Petroica macrocephala",6,174.4091606,-39.4542215,6
2018,9,"Taranaki","Caspian Tern","Hydroprogne caspia",1,173.7681628,-39.3393245,1
2018,9,"Taranaki","Red-breasted Dotterel","Charadrius obscurus",4,173.7681628,-39.3393245,4
2018,10,"Taranaki","New Zealand Grebe","Poliocephalus rufopectus",1,174.3977658,-39.6871846,1
2018,10,"Taranaki","Tomtit","Petroica macrocephala",2,174.1257941,-39.2358759,2
2018,11,"Taranaki","Red-breasted Dotterel","Charadrius obscurus",2,173.7908209,-39.4030505,2
2018,12,"Taranaki","Long-tailed Koel","Urodynamis taitensis",1,174.1229,-39.3068,1
2018,12,"Taranaki","Tomtit","Petroica macrocephala",2,174.1229,-39.3068,8
2018,12,"Taranaki","Tomtit","Petroica macrocephala",6,174.1229,-39.3068,8
2019,1,"Taranaki","Long-tailed Koel","Urodynamis taitensis",1,174.079441,-39.280863,1
2019,1,"Taranaki","Tomtit","Petroica macrocephala",1,174.4091606,-39.4542215,20
2019,1,"Taranaki","Tomtit","Petroica macrocephala",3,174.079441,-39.280863,20
2019,1,"Taranaki","Tomtit","Petroica macrocephala",16,174.1255316,-39.2368735,20
2019,2,"Taranaki","Caspian Tern","Hydroprogne caspia",2,174.1842018,-38.9955358,2
2019,2,"Taranaki","Long-tailed Koel","Urodynamis taitensis",3,174.93768,-39.72432,10
2019,2,"Taranaki","Long-tailed Koel","Urodynamis taitensis",7,174.93907,-39.72417,10
2019,2,"Taranaki","New Zealand Grebe","Poliocephalus rufopectus",1,174.1240835,-39.1225654,1
2019,2,"Taranaki","Red-breasted Dotterel","Charadrius obscurus",2,174.1842018,-38.9955358,6
2019,2,"Taranaki","Red-breasted Dotterel","Charadrius obscurus",4,173.768733,-39.3396483,6
2019,2,"Taranaki","Tomtit","Petroica macrocephala",2,174.0906937,-39.3038066,10
2019,2,"Taranaki","Tomtit","Petroica macrocephala",2,174.1497299,-39.3160408,10
2019,2,"Taranaki","Tomtit","Petroica macrocephala",2,174.93768,-39.72432,10
2019,2,"Taranaki","Tomtit","Petroica macrocephala",4,174.93907,-39.72417,10
2019,3,"Taranaki","Pacific Black Duck","Anas superciliosa",1,174.1143751,-39.0406952,1
2019,3,"Taranaki","Tomtit","Petroica macrocephala",1,174.102966,-39.322847,1
2019,4,"Taranaki","Caspian Tern","Hydroprogne caspia",2,173.8554025,-39.4582309,2
2019,4,"Taranaki","New Zealand Grebe","Poliocephalus rufopectus",1,174.1230226,-39.1285167,35
2019,4,"Taranaki","New Zealand Grebe","Poliocephalus rufopectus",1,174.6823743,-39.841844,35
2019,4,"Taranaki","New Zealand Grebe","Poliocephalus rufopectus",3,174.53228,-39.78814,35
2019,4,"Taranaki","New Zealand Grebe","Poliocephalus rufopectus",3,174.6823516,-39.8421477,35
2019,4,"Taranaki","New Zealand Grebe","Poliocephalus rufopectus",6,174.53228,-39.78814,35
2019,4,"Taranaki","New Zealand Grebe","Poliocephalus rufopectus",6,174.562076,-39.8036474,35
2019,4,"Taranaki","New Zealand Grebe","Poliocephalus rufopectus",7,174.6785454,-39.8409478,35
2019,4,"Taranaki","New Zealand Grebe","Poliocephalus rufopectus",8,174.562076,-39.8036474,35
2019,4,"Taranaki","Red-breasted Dotterel","Charadrius obscurus",1,174.1842018,-38.9955358,1
2019,4,"Taranaki","Tomtit","Petroica macrocephala",3,174.4091606,-39.4542215,7
2019,4,"Taranaki","Tomtit","Petroica macrocephala",4,174.152096,-39.31585,7
2019,5,"Taranaki","Caspian Tern","Hydroprogne caspia",2,174.1141824,-39.0406342,6
2019,5,"Taranaki","Caspian Tern","Hydroprogne caspia",2,174.1141824,-39.0406342,6
2019,5,"Taranaki","Caspian Tern","Hydroprogne caspia",2,174.1143751,-39.0406952,6
2019,5,"Taranaki","New Zealand Grebe","Poliocephalus rufopectus",1,174.1230226,-39.1285167,1
2019,5,"Taranaki","Tomtit","Petroica macrocephala",1,174.0968838,-39.2505389,19
2019,5,"Taranaki","Tomtit","Petroica macrocephala",2,174.0354,-39.2246,19
2019,5,"Taranaki","Tomtit","Petroica macrocephala",2,174.092718,-39.28316,19
2019,5,"Taranaki","Tomtit","Petroica macrocephala",2,174.096493,-39.269838,19
2019,5,"Taranaki","Tomtit","Petroica macrocephala",4,174.1363545,-39.241316,19
2019,5,"Taranaki","Tomtit","Petroica macrocephala",8,174.1215726,-39.24206,19
2019,6,"Taranaki","Caspian Tern","Hydroprogne caspia",2,173.7681628,-39.3393245,5
2019,6,"Taranaki","Caspian Tern","Hydroprogne caspia",3,173.7898811,-39.4021155,5
2019,6,"Taranaki","New Zealand Grebe","Poliocephalus rufopectus",1,174.53228,-39.78814,11
2019,6,"Taranaki","New Zealand Grebe","Poliocephalus rufopectus",1,174.6823516,-39.8421477,11
2019,6,"Taranaki","New Zealand Grebe","Poliocephalus rufopectus",9,174.6785454,-39.8409478,11
2019,6,"Taranaki","Red-breasted Dotterel","Charadrius obscurus",1,174.1841614,-38.9960369,11
2019,6,"Taranaki","Red-breasted Dotterel","Charadrius obscurus",2,173.790295,-39.4027883,11
2019,6,"Taranaki","Red-breasted Dotterel","Charadrius obscurus",2,174.5893332,-38.8170166,11
2019,6,"Taranaki","Red-breasted Dotterel","Charadrius obscurus",6,173.7681628,-39.3393245,11
2019,6,"Taranaki","Tomtit","Petroica macrocephala",1,173.9610541,-39.2615689,20
2019,6,"Taranaki","Tomtit","Petroica macrocephala",1,174.4489385,-39.4381821,20
2019,6,"Taranaki","Tomtit","Petroica macrocephala",1,174.4526768,-39.1441595,20
2019,6,"Taranaki","Tomtit","Petroica macrocephala",1,174.5612276,-39.4041256,20
2019,6,"Taranaki","Tomtit","Petroica macrocephala",1,174.5869792,-38.9734406,20
2019,6,"Taranaki","Tomtit","Petroica macrocephala",1,174.6864767,-38.9204945,20
2019,6,"Taranaki","Tomtit","Petroica macrocephala",2,174.7626592,-38.9659516,20
2019,6,"Taranaki","Tomtit","Petroica macrocephala",3,174.117495,-39.2061732,20
2019,6,"Taranaki","Tomtit","Petroica macrocephala",3,174.4091606,-39.4542215,20
2019,6,"Taranaki","Tomtit","Petroica macrocephala",6,174.1184212,-39.2466084,20
2019,7,"Taranaki","New Zealand Grebe","Poliocephalus rufopectus",2,174.53228,-39.78814,38
2019,7,"Taranaki","New Zealand Grebe","Poliocephalus rufopectus",2,174.5881402,-39.7891602,38
2019,7,"Taranaki","New Zealand Grebe","Poliocephalus rufopectus",2,174.6823516,-39.8421477,38
2019,7,"Taranaki","New Zealand Grebe","Poliocephalus rufopectus",3,174.1227198,-39.1234276,38
2019,7,"Taranaki","New Zealand Grebe","Poliocephalus rufopectus",3,174.1230226,-39.1285167,38
2019,7,"Taranaki","New Zealand Grebe","Poliocephalus rufopectus",3,174.1230226,-39.1285167,38
2019,7,"Taranaki","New Zealand Grebe","Poliocephalus rufopectus",4,174.562076,-39.8036474,38
2019,7,"Taranaki","New Zealand Grebe","Poliocephalus rufopectus",4,174.562076,-39.8036474,38
2019,7,"Taranaki","New Zealand Grebe","Poliocephalus rufopectus",4,174.78616,-39.83001,38
2019,7,"Taranaki","New Zealand Grebe","Poliocephalus rufopectus",5,174.6785454,-39.8409478,38
2019,7,"Taranaki","New Zealand Grebe","Poliocephalus rufopectus",6,174.6823516,-39.8421477,38
2019,7,"Taranaki","Pacific Black Duck","Anas superciliosa",1,173.9310436,-39.1178486,5
2019,7,"Taranaki","Pacific Black Duck","Anas superciliosa",4,174.1230226,-39.1285167,5
2019,7,"Taranaki","Tomtit","Petroica macrocephala",1,174.1156514,-39.2458804,2
2019,7,"Taranaki","Tomtit","Petroica macrocephala",1,174.6973785,-39.6592616,2
2019,8,"Taranaki","Caspian Tern","Hydroprogne caspia",1,173.7548586,-39.2709594,9
2019,8,"Taranaki","Caspian Tern","Hydroprogne caspia",1,173.9084096,-39.1404651,9
2019,8,"Taranaki","Caspian Tern","Hydroprogne caspia",1,174.0985688,-39.0455875,9
2019,8,"Taranaki","Caspian Tern","Hydroprogne caspia",1,174.1077284,-39.0381669,9
2019,8,"Taranaki","Caspian Tern","Hydroprogne caspia",1,174.1103991,-39.0354714,9
2019,8,"Taranaki","Caspian Tern","Hydroprogne caspia",1,174.1116985,-39.0382341,9
2019,8,"Taranaki","Caspian Tern","Hydroprogne caspia",1,174.1133172,-39.0384811,9
2019,8,"Taranaki","Caspian Tern","Hydroprogne caspia",2,174.5858138,-38.8136461,9
2019,8,"Taranaki","New Zealand Grebe","Poliocephalus rufopectus",1,174.2837541,-39.3424655,35
2019,8,"Taranaki","New Zealand Grebe","Poliocephalus rufopectus",1,174.5777,-39.8076,35
2019,8,"Taranaki","New Zealand Grebe","Poliocephalus rufopectus",1,174.6785454,-39.8409478,35
2019,8,"Taranaki","New Zealand Grebe","Poliocephalus rufopectus",2,174.043509,-39.089549,35
2019,8,"Taranaki","New Zealand Grebe","Poliocephalus rufopectus",2,174.04626,-39.08498,35
2019,8,"Taranaki","New Zealand Grebe","Poliocephalus rufopectus",2,174.04626,-39.08498,35
2019,8,"Taranaki","New Zealand Grebe","Poliocephalus rufopectus",2,174.1277406,-39.1190185,35
2019,8,"Taranaki","New Zealand Grebe","Poliocephalus rufopectus",2,174.562076,-39.8036474,35
2019,8,"Taranaki","New Zealand Grebe","Poliocephalus rufopectus",2,174.5881402,-39.7891602,35
2019,8,"Taranaki","New Zealand Grebe","Poliocephalus rufopectus",2,174.5881402,-39.7891602,35
2019,8,"Taranaki","New Zealand Grebe","Poliocephalus rufopectus",2,174.5881402,-39.7891602,35
2019,8,"Taranaki","New Zealand Grebe","Poliocephalus rufopectus",3,174.562076,-39.8036474,35
2019,8,"Taranaki","New Zealand Grebe","Poliocephalus rufopectus",4,174.2153103,-39.1521635,35
2019,8,"Taranaki","New Zealand Grebe","Poliocephalus rufopectus",4,174.6823516,-39.8421477,35
2019,8,"Taranaki","New Zealand Grebe","Poliocephalus rufopectus",5,174.562076,-39.8036474,35
2019,8,"Taranaki","Pacific Black Duck","Anas superciliosa",1,174.1160722,-39.1033474,14
2019,8,"Taranaki","Pacific Black Duck","Anas superciliosa",1,174.1230226,-39.1285167,14
2019,8,"Taranaki","Pacific Black Duck","Anas superciliosa",2,173.8601398,-39.4582503,14
2019,8,"Taranaki","Pacific Black Duck","Anas superciliosa",2,174.1230226,-39.1285167,14
2019,8,"Taranaki","Pacific Black Duck","Anas superciliosa",2,174.364662,-38.9940436,14
2019,8,"Taranaki","Pacific Black Duck","Anas superciliosa",2,174.562076,-39.8036474,14
2019,8,"Taranaki","Pacific Black Duck","Anas superciliosa",4,174.2153103,-39.1521635,14
2019,8,"Taranaki","Red-breasted Dotterel","Charadrius obscurus",1,173.9212539,-39.119549,7
2019,8,"Taranaki","Red-breasted Dotterel","Charadrius obscurus",2,174.5858138,-38.8136461,7
2019,8,"Taranaki","Red-breasted Dotterel","Charadrius obscurus",4,173.7868827,-39.3999257,7
2019,8,"Taranaki","Tomtit","Petroica macrocephala",1,174.03904,-39.217479,18
2019,8,"Taranaki","Tomtit","Petroica macrocephala",2,174.1127005,-39.2417241,18
2019,8,"Taranaki","Tomtit","Petroica macrocephala",2,174.41971,-39.454326,18
2019,8,"Taranaki","Tomtit","Petroica macrocephala",2,174.421756,-39.452769,18
2019,8,"Taranaki","Tomtit","Petroica macrocephala",4,174.418025,-39.452763,18
2019,8,"Taranaki","Tomtit","Petroica macrocephala",7,174.1127071,-39.2416874,18
2019,9,"Taranaki","Caspian Tern","Hydroprogne caspia",1,173.956913,-39.110649,21
2019,9,"Taranaki","Caspian Tern","Hydroprogne caspia",1,174.1052556,-39.037253,21
2019,9,"Taranaki","Caspian Tern","Hydroprogne caspia",1,174.1052556,-39.037253,21
2019,9,"Taranaki","Caspian Tern","Hydroprogne caspia",1,174.1142331,-39.0428338,21
2019,9,"Taranaki","Caspian Tern","Hydroprogne caspia",1,174.184369,-38.9957109,21
2019,9,"Taranaki","Caspian Tern","Hydroprogne caspia",1,174.5835471,-38.815926,21
2019,9,"Taranaki","Caspian Tern","Hydroprogne caspia",1,174.70305,-39.84217,21
2019,9,"Taranaki","Caspian Tern","Hydroprogne caspia",2,173.9554586,-39.1106193,21
2019,9,"Taranaki","Caspian Tern","Hydroprogne caspia",2,174.1052556,-39.037253,21
2019,9,"Taranaki","Caspian Tern","Hydroprogne caspia",2,174.1833314,-38.9970974,21
2019,9,"Taranaki","Caspian Tern","Hydroprogne caspia",2,174.1864722,-38.9970953,21
2019,9,"Taranaki","Caspian Tern","Hydroprogne caspia",2,174.1865462,-38.9970932,21
2019,9,"Taranaki","Caspian Tern","Hydroprogne caspia",2,174.3903852,-38.9893026,21
2019,9,"Taranaki","Caspian Tern","Hydroprogne caspia",2,174.5856784,-38.8136001,21
2019,9,"Taranaki","Long-tailed Koel","Urodynamis taitensis",1,174.1226873,-39.2422954,1
2019,9,"Taranaki","New Zealand Grebe","Poliocephalus rufopectus",1,174.1220338,-39.1283796,15
2019,9,"Taranaki","New Zealand Grebe","Poliocephalus rufopectus",1,174.1230226,-39.1285167,15
2019,9,"Taranaki","New Zealand Grebe","Poliocephalus rufopectus",1,174.1230226,-39.1285167,15
2019,9,"Taranaki","New Zealand Grebe","Poliocephalus rufopectus",1,174.6823516,-39.8421477,15
2019,9,"Taranaki","New Zealand Grebe","Poliocephalus rufopectus",2,174.1230226,-39.1285167,15
2019,9,"Taranaki","New Zealand Grebe","Poliocephalus rufopectus",2,174.562076,-39.8036474,15
2019,9,"Taranaki","New Zealand Grebe","Poliocephalus rufopectus",2,174.5881402,-39.7891602,15
2019,9,"Taranaki","New Zealand Grebe","Poliocephalus rufopectus",2,174.5881402,-39.7891602,15
2019,9,"Taranaki","New Zealand Grebe","Poliocephalus rufopectus",3,174.562076,-39.8036474,15
2019,9,"Taranaki","Pacific Black Duck","Anas superciliosa",2,173.8605617,-39.4580241,56
2019,9,"Taranaki","Pacific Black Duck","Anas superciliosa",2,174.1052556,-39.037253,56
2019,9,"Taranaki","Pacific Black Duck","Anas superciliosa",2,174.1230226,-39.1285167,56
2019,9,"Taranaki","Pacific Black Duck","Anas superciliosa",2,174.184369,-38.9957109,56
2019,9,"Taranaki","Pacific Black Duck","Anas superciliosa",2,174.562076,-39.8036474,56
2019,9,"Taranaki","Pacific Black Duck","Anas superciliosa",4,174.1220338,-39.1283796,56
2019,9,"Taranaki","Pacific Black Duck","Anas superciliosa",5,174.1230226,-39.1285167,56
2019,9,"Taranaki","Pacific Black Duck","Anas superciliosa",10,174.2697296,-39.6093528,56
2019,9,"Taranaki","Pacific Black Duck","Anas superciliosa",12,174.1230226,-39.1285167,56
2019,9,"Taranaki","Pacific Black Duck","Anas superciliosa",15,174.270551,-39.6106278,56
2019,9,"Taranaki","Red-breasted Dotterel","Charadrius obscurus",2,173.8195979,-39.1821694,25
2019,9,"Taranaki","Red-breasted Dotterel","Charadrius obscurus",2,174.184369,-38.9957109,25
2019,9,"Taranaki","Red-breasted Dotterel","Charadrius obscurus",2,174.5856784,-38.8136001,25
2019,9,"Taranaki","Red-breasted Dotterel","Charadrius obscurus",3,174.184369,-38.9957109,25
2019,9,"Taranaki","Red-breasted Dotterel","Charadrius obscurus",3,174.1864722,-38.9970953,25
2019,9,"Taranaki","Red-breasted Dotterel","Charadrius obscurus",3,174.1865462,-38.9970932,25
2019,9,"Taranaki","Red-breasted Dotterel","Charadrius obscurus",3,174.5870664,-38.8147086,25
2019,9,"Taranaki","Red-breasted Dotterel","Charadrius obscurus",3,174.5873428,-38.8146761,25
2019,9,"Taranaki","Red-breasted Dotterel","Charadrius obscurus",4,173.7681628,-39.3393245,25
2019,9,"Taranaki","Tomtit","Petroica macrocephala",1,174.4091606,-39.4542215,90
2019,9,"Taranaki","Tomtit","Petroica macrocephala",1,174.6275961,-38.8124169,90
2019,9,"Taranaki","Tomtit","Petroica macrocephala",1,174.7680996,-38.9093125,90
2019,9,"Taranaki","Tomtit","Petroica macrocephala",2,174.1230358,-39.2402823,90
2019,9,"Taranaki","Tomtit","Petroica macrocephala",3,173.980889,-39.200992,90
2019,9,"Taranaki","Tomtit","Petroica macrocephala",3,174.118457,-39.2078408,90
2019,9,"Taranaki","Tomtit","Petroica macrocephala",3,174.1196094,-39.2485815,90
2019,9,"Taranaki","Tomtit","Petroica macrocephala",4,174.0877546,-39.2830617,90
2019,9,"Taranaki","Tomtit","Petroica macrocephala",4,174.096495,-39.270162,90
2019,9,"Taranaki","Tomtit","Petroica macrocephala",4,174.7626592,-38.9659516,90
2019,9,"Taranaki","Tomtit","Petroica macrocephala",6,174.112202,-39.2418832,90
2019,9,"Taranaki","Tomtit","Petroica macrocephala",6,174.1133354,-39.2415999,90
2019,9,"Taranaki","Tomtit","Petroica macrocephala",7,174.1319244,-39.2398757,90
2019,9,"Taranaki","Tomtit","Petroica macrocephala",8,174.1150561,-39.2442502,90
2019,9,"Taranaki","Tomtit","Petroica macrocephala",8,174.1226873,-39.2422954,90
2019,9,"Taranaki","Tomtit","Petroica macrocephala",9,174.1315587,-39.2460362,90
2019,9,"Taranaki","Tomtit","Petroica macrocephala",10,174.0796268,-39.2120213,90
2019,9,"Taranaki","Tomtit","Petroica macrocephala",10,174.1126032,-39.2414043,90
2019,10,"Taranaki","Caspian Tern","Hydroprogne caspia",1,174.0720059,-39.0559784,20
2019,10,"Taranaki","Caspian Tern","Hydroprogne caspia",1,174.1052556,-39.037253,20
2019,10,"Taranaki","Caspian Tern","Hydroprogne caspia",1,174.1052556,-39.037253,20
2019,10,"Taranaki","Caspian Tern","Hydroprogne caspia",1,174.1523174,-39.0180984,20
2019,10,"Taranaki","Caspian Tern","Hydroprogne caspia",1,174.1842018,-38.9955358,20
2019,10,"Taranaki","Caspian Tern","Hydroprogne caspia",1,174.233291,-38.9918823,20
2019,10,"Taranaki","Caspian Tern","Hydroprogne caspia",2,173.8986306,-39.1319791,20
2019,10,"Taranaki","Caspian Tern","Hydroprogne caspia",2,174.1052556,-39.037253,20
2019,10,"Taranaki","Caspian Tern","Hydroprogne caspia",2,174.1140838,-39.0396222,20
2019,10,"Taranaki","Caspian Tern","Hydroprogne caspia",2,174.3903852,-38.9893026,20
2019,10,"Taranaki","Caspian Tern","Hydroprogne caspia",3,174.1085517,-39.036404,20
2019,10,"Taranaki","Caspian Tern","Hydroprogne caspia",3,174.1927882,-39.0013287,20
2019,10,"Taranaki","Long-tailed Koel","Urodynamis taitensis",1,174.6833853,-38.9145199,2
2019,10,"Taranaki","Long-tailed Koel","Urodynamis taitensis",1,174.937824,-39.7244248,2
2019,10,"Taranaki","New Zealand Grebe","Poliocephalus rufopectus",1,174.1230226,-39.1285167,18
2019,10,"Taranaki","New Zealand Grebe","Poliocephalus rufopectus",1,174.2146917,-39.1532973,18
2019,10,"Taranaki","New Zealand Grebe","Poliocephalus rufopectus",2,174.3045682,-39.3428745,18
2019,10,"Taranaki","New Zealand Grebe","Poliocephalus rufopectus",2,174.5881402,-39.7891602,18
2019,10,"Taranaki","New Zealand Grebe","Poliocephalus rufopectus",12,174.3029699,-39.3435203,18
2019,10,"Taranaki","Pacific Black Duck","Anas superciliosa",2,174.1927882,-39.0013287,12
2019,10,"Taranaki","Pacific Black Duck","Anas superciliosa",2,174.2119312,-39.1540992,12
2019,10,"Taranaki","Pacific Black Duck","Anas superciliosa",3,174.1230226,-39.1285167,12
2019,10,"Taranaki","Pacific Black Duck","Anas superciliosa",5,174.2146917,-39.1532973,12
2019,10,"Taranaki","Red-breasted Dotterel","Charadrius obscurus",2,174.1140838,-39.0396222,13
2019,10,"Taranaki","Red-breasted Dotterel","Charadrius obscurus",2,174.1927882,-39.0013287,13
2019,10,"Taranaki","Red-breasted Dotterel","Charadrius obscurus",3,174.1052556,-39.037253,13
2019,10,"Taranaki","Red-breasted Dotterel","Charadrius obscurus",3,174.1052556,-39.037253,13
2019,10,"Taranaki","Red-breasted Dotterel","Charadrius obscurus",3,174.1085517,-39.036404,13
2019,10,"Taranaki","Tomtit","Petroica macrocephala",1,173.9809406,-39.2011154,97
2019,10,"Taranaki","Tomtit","Petroica macrocephala",1,174.1241514,-39.1180124,97
2019,10,"Taranaki","Tomtit","Petroica macrocephala",1,174.1372701,-39.3539254,97
2019,10,"Taranaki","Tomtit","Petroica macrocephala",1,174.1372701,-39.3539254,97
2019,10,"Taranaki","Tomtit","Petroica macrocephala",1,174.1372701,-39.3539254,97
2019,10,"Taranaki","Tomtit","Petroica macrocephala",1,174.1372701,-39.3539254,97
2019,10,"Taranaki","Tomtit","Petroica macrocephala",1,174.1372701,-39.3539254,97
2019,10,"Taranaki","Tomtit","Petroica macrocephala",1,174.1372701,-39.3539254,97
2019,10,"Taranaki","Tomtit","Petroica macrocephala",1,174.1372701,-39.3539254,97
2019,10,"Taranaki","Tomtit","Petroica macrocephala",1,174.4091606,-39.4542215,97
2019,10,"Taranaki","Tomtit","Petroica macrocephala",1,174.4941143,-39.1418472,97
2019,10,"Taranaki","Tomtit","Petroica macrocephala",1,174.6104515,-39.0300037,97
2019,10,"Taranaki","Tomtit","Petroica macrocephala",1,174.6107108,-39.0479983,97
2019,10,"Taranaki","Tomtit","Petroica macrocephala",1,174.6833853,-38.9145199,97
2019,10,"Taranaki","Tomtit","Petroica macrocephala",1,174.7626592,-38.9659516,97
2019,10,"Taranaki","Tomtit","Petroica macrocephala",1,174.97273,-39.59202,97
2019,10,"Taranaki","Tomtit","Petroica macrocephala",2,173.9230205,-39.1227017,97
2019,10,"Taranaki","Tomtit","Petroica macrocephala",2,173.9810623,-39.2005793,97
2019,10,"Taranaki","Tomtit","Petroica macrocephala",2,174.118981,-39.2338067,97
2019,10,"Taranaki","Tomtit","Petroica macrocephala",2,174.1372701,-39.3539254,97
2019,10,"Taranaki","Tomtit","Petroica macrocephala",2,174.6833853,-38.9145199,97
2019,10,"Taranaki","Tomtit","Petroica macrocephala",2,174.937824,-39.7244248,97
2019,10,"Taranaki","Tomtit","Petroica macrocephala",2,174.97087,-39.62435,97
2019,10,"Taranaki","Tomtit","Petroica macrocephala",2,174.9747,-39.57462,97
2019,10,"Taranaki","Tomtit","Petroica macrocephala",2,174.98174,-39.55679,97
2019,10,"Taranaki","Tomtit","Petroica macrocephala",3,174.1349353,-39.2387999,97
2019,10,"Taranaki","Tomtit","Petroica macrocephala",4,174.1248021,-39.2378581,97
2019,10,"Taranaki","Tomtit","Petroica macrocephala",4,174.96899,-39.59867,97
2019,10,"Taranaki","Tomtit","Petroica macrocephala",5,174.1184571,-39.2436422,97
2019,10,"Taranaki","Tomtit","Petroica macrocephala",5,174.1208872,-39.2435311,97
2019,10,"Taranaki","Tomtit","Petroica macrocephala",5,174.1363545,-39.241316,97
2019,10,"Taranaki","Tomtit","Petroica macrocephala",5,174.4091606,-39.4542215,97
2019,10,"Taranaki","Tomtit","Petroica macrocephala",12,174.4091606,-39.4542215,97
2019,10,"Taranaki","Tomtit","Petroica macrocephala",20,174.8074717,-39.3017085,97
2019,11,"Taranaki","Caspian Tern","Hydroprogne caspia",1,174.1052556,-39.037253,10
2019,11,"Taranaki","Caspian Tern","Hydroprogne caspia",1,174.1865993,-38.9970064,10
2019,11,"Taranaki","Caspian Tern","Hydroprogne caspia",2,174.1841614,-38.9960369,10
2019,11,"Taranaki","Caspian Tern","Hydroprogne caspia",2,174.18634,-38.9944551,10
2019,11,"Taranaki","Caspian Tern","Hydroprogne caspia",4,174.1841614,-38.9960369,10
2019,11,"Taranaki","Long-tailed Koel","Urodynamis taitensis",1,174.0444534,-39.3548411,17
2019,11,"Taranaki","Long-tailed Koel","Urodynamis taitensis",1,174.119042,-39.2337103,17
2019,11,"Taranaki","Long-tailed Koel","Urodynamis taitensis",1,174.1202753,-39.2443621,17
2019,11,"Taranaki","Long-tailed Koel","Urodynamis taitensis",1,174.1767727,-39.2878769,17
2019,11,"Taranaki","Long-tailed Koel","Urodynamis taitensis",1,174.7604597,-38.9652648,17
2019,11,"Taranaki","Long-tailed Koel","Urodynamis taitensis",2,174.1479051,-39.2435594,17
2019,11,"Taranaki","Long-tailed Koel","Urodynamis taitensis",2,174.1479501,-39.2417595,17
2019,11,"Taranaki","Long-tailed Koel","Urodynamis taitensis",3,174.786937,-39.3454389,17
2019,11,"Taranaki","Long-tailed Koel","Urodynamis taitensis",5,174.1184571,-39.2436422,17
2019,11,"Taranaki","Pacific Black Duck","Anas superciliosa",1,174.149909,-39.036973,21
2019,11,"Taranaki","Pacific Black Duck","Anas superciliosa",2,174.1227198,-39.1234276,21
2019,11,"Taranaki","Pacific Black Duck","Anas superciliosa",4,173.7523466,-39.2769906,21
2019,11,"Taranaki","Pacific Black Duck","Anas superciliosa",4,174.0610278,-39.5668717,21
2019,11,"Taranaki","Pacific Black Duck","Anas superciliosa",5,173.8603033,-39.4582411,21
2019,11,"Taranaki","Pacific Black Duck","Anas superciliosa",5,174.1230226,-39.1285167,21
2019,11,"Taranaki","Red-breasted Dotterel","Charadrius obscurus",1,174.1106013,-39.0363344,28
2019,11,"Taranaki","Red-breasted Dotterel","Charadrius obscurus",1,174.1109673,-39.0383868,28
2019,11,"Taranaki","Red-breasted Dotterel","Charadrius obscurus",2,173.790295,-39.4027883,28
2019,11,"Taranaki","Red-breasted Dotterel","Charadrius obscurus",2,174.1052556,-39.037253,28
2019,11,"Taranaki","Red-breasted Dotterel","Charadrius obscurus",2,174.1841614,-38.9960369,28
2019,11,"Taranaki","Red-breasted Dotterel","Charadrius obscurus",2,174.18634,-38.9944551,28
2019,11,"Taranaki","Red-breasted Dotterel","Charadrius obscurus",2,174.1865993,-38.9970064,28
2019,11,"Taranaki","Red-breasted Dotterel","Charadrius obscurus",4,174.1841614,-38.9960369,28
2019,11,"Taranaki","Red-breasted Dotterel","Charadrius obscurus",5,174.184369,-38.9957109,28
2019,11,"Taranaki","Red-breasted Dotterel","Charadrius obscurus",7,173.7908209,-39.4030505,28
2019,11,"Taranaki","Tomtit","Petroica macrocephala",1,174.0444534,-39.3548411,74
2019,11,"Taranaki","Tomtit","Petroica macrocephala",1,174.0444534,-39.3548411,74
2019,11,"Taranaki","Tomtit","Petroica macrocephala",1,174.0444534,-39.3548411,74
2019,11,"Taranaki","Tomtit","Petroica macrocephala",1,174.0444534,-39.3548411,74
2019,11,"Taranaki","Tomtit","Petroica macrocephala",1,174.0444534,-39.3548411,74
2019,11,"Taranaki","Tomtit","Petroica macrocephala",1,174.0444534,-39.3548411,74
2019,11,"Taranaki","Tomtit","Petroica macrocephala",1,174.1153794,-39.2467811,74
2019,11,"Taranaki","Tomtit","Petroica macrocephala",1,174.1159461,-39.2452663,74
2019,11,"Taranaki","Tomtit","Petroica macrocephala",1,174.1230048,-39.3058695,74
2019,11,"Taranaki","Tomtit","Petroica macrocephala",1,174.1375399,-39.2432051,74
2019,11,"Taranaki","Tomtit","Petroica macrocephala",1,174.4091606,-39.4542215,74
2019,11,"Taranaki","Tomtit","Petroica macrocephala",1,174.7907344,-39.4895476,74
2019,11,"Taranaki","Tomtit","Petroica macrocephala",1,174.7907344,-39.4895476,74
2019,11,"Taranaki","Tomtit","Petroica macrocephala",1,174.7907344,-39.4895476,74
2019,11,"Taranaki","Tomtit","Petroica macrocephala",1,174.7907344,-39.4895476,74
2019,11,"Taranaki","Tomtit","Petroica macrocephala",1,174.9353445,-39.7245661,74
2019,11,"Taranaki","Tomtit","Petroica macrocephala",2,174.0444534,-39.3548411,74
2019,11,"Taranaki","Tomtit","Petroica macrocephala",2,174.0444534,-39.3548411,74
2019,11,"Taranaki","Tomtit","Petroica macrocephala",2,174.1479501,-39.2417595,74
2019,11,"Taranaki","Tomtit","Petroica macrocephala",2,174.93768,-39.72432,74
2019,11,"Taranaki","Tomtit","Petroica macrocephala",3,174.119042,-39.2337103,74
2019,11,"Taranaki","Tomtit","Petroica macrocephala",3,174.1233238,-39.2260693,74
2019,11,"Taranaki","Tomtit","Petroica macrocephala",3,174.1255954,-39.2453607,74
2019,11,"Taranaki","Tomtit","Petroica macrocephala",3,174.1255954,-39.2453607,74
2019,11,"Taranaki","Tomtit","Petroica macrocephala",3,174.1479051,-39.2435594,74
2019,11,"Taranaki","Tomtit","Petroica macrocephala",3,174.1767727,-39.2878769,74
2019,11,"Taranaki","Tomtit","Petroica macrocephala",3,174.786937,-39.3454389,74
2019,11,"Taranaki","Tomtit","Petroica macrocephala",4,174.1184571,-39.2436422,74
2019,11,"Taranaki","Tomtit","Petroica macrocephala",4,174.1248021,-39.2378581,74
2019,11,"Taranaki","Tomtit","Petroica macrocephala",4,174.4091606,-39.4542215,74
2019,11,"Taranaki","Tomtit","Petroica macrocephala",4,174.7604597,-38.9652648,74
2019,11,"Taranaki","Tomtit","Petroica macrocephala",6,174.4091606,-39.4542215,74
2019,11,"Taranaki","Tomtit","Petroica macrocephala",7,174.1202753,-39.2443621,74
2019,12,"Taranaki","Caspian Tern","Hydroprogne caspia",1,174.184369,-38.9957109,20
2019,12,"Taranaki","Caspian Tern","Hydroprogne caspia",1,174.1935429,-38.9997113,20
2019,12,"Taranaki","Caspian Tern","Hydroprogne caspia",1,174.229752,-38.9884946,20
2019,12,"Taranaki","Caspian Tern","Hydroprogne caspia",2,174.1842018,-38.9955358,20
2019,12,"Taranaki","Caspian Tern","Hydroprogne caspia",2,174.1842018,-38.9955358,20
2019,12,"Taranaki","Caspian Tern","Hydroprogne caspia",2,174.184369,-38.9957109,20
2019,12,"Taranaki","Caspian Tern","Hydroprogne caspia",3,174.1935429,-38.9997113,20
2019,12,"Taranaki","Caspian Tern","Hydroprogne caspia",4,174.021446,-39.062332,20
2019,12,"Taranaki","Caspian Tern","Hydroprogne caspia",4,174.1935429,-38.9997113,20
2019,12,"Taranaki","Long-tailed Koel","Urodynamis taitensis",1,174.0932873,-39.3204192,20
2019,12,"Taranaki","Long-tailed Koel","Urodynamis taitensis",1,174.7627142,-39.2868396,20
2019,12,"Taranaki","Long-tailed Koel","Urodynamis taitensis",1,174.7777921,-39.285294,20
2019,12,"Taranaki","Long-tailed Koel","Urodynamis taitensis",1,174.7777921,-39.285294,20
2019,12,"Taranaki","Long-tailed Koel","Urodynamis taitensis",1,174.7777921,-39.285294,20
2019,12,"Taranaki","Long-tailed Koel","Urodynamis taitensis",1,174.7896232,-39.2923568,20
2019,12,"Taranaki","Long-tailed Koel","Urodynamis taitensis",1,174.810351,-39.305532,20
2019,12,"Taranaki","Long-tailed Koel","Urodynamis taitensis",1,174.8127785,-39.3136847,20
2019,12,"Taranaki","Long-tailed Koel","Urodynamis taitensis",1,174.8221286,-39.3286041,20
2019,12,"Taranaki","Long-tailed Koel","Urodynamis taitensis",1,174.8512959,-39.337443,20
2019,12,"Taranaki","Long-tailed Koel","Urodynamis taitensis",2,174.1052556,-39.037253,20
2019,12,"Taranaki","Long-tailed Koel","Urodynamis taitensis",2,174.8015801,-39.3003024,20
2019,12,"Taranaki","Long-tailed Koel","Urodynamis taitensis",3,174.1305603,-39.2456606,20
2019,12,"Taranaki","Long-tailed Koel","Urodynamis taitensis",3,174.7535717,-39.2839383,20
2019,12,"Taranaki","New Zealand Grebe","Poliocephalus rufopectus",1,174.1230226,-39.1285167,25
2019,12,"Taranaki","New Zealand Grebe","Poliocephalus rufopectus",1,174.1230226,-39.1285167,25
2019,12,"Taranaki","New Zealand Grebe","Poliocephalus rufopectus",1,174.2120346,-39.1538591,25
2019,12,"Taranaki","New Zealand Grebe","Poliocephalus rufopectus",2,174.1227198,-39.1234276,25
2019,12,"Taranaki","New Zealand Grebe","Poliocephalus rufopectus",2,174.1230226,-39.1285167,25
2019,12,"Taranaki","New Zealand Grebe","Poliocephalus rufopectus",2,174.1230226,-39.1285167,25
2019,12,"Taranaki","New Zealand Grebe","Poliocephalus rufopectus",3,174.1227198,-39.1234276,25
2019,12,"Taranaki","New Zealand Grebe","Poliocephalus rufopectus",3,174.3045682,-39.3428745,25
2019,12,"Taranaki","New Zealand Grebe","Poliocephalus rufopectus",10,174.3969119,-39.6809645,25
2019,12,"Taranaki","Pacific Black Duck","Anas superciliosa",1,173.9204894,-39.1203161,28
2019,12,"Taranaki","Pacific Black Duck","Anas superciliosa",1,174.6073294,-39.270971,28
2019,12,"Taranaki","Pacific Black Duck","Anas superciliosa",2,173.8602796,-39.4582919,28
2019,12,"Taranaki","Pacific Black Duck","Anas superciliosa",2,174.1227198,-39.1234276,28
2019,12,"Taranaki","Pacific Black Duck","Anas superciliosa",3,174.1227198,-39.1234276,28
2019,12,"Taranaki","Pacific Black Duck","Anas superciliosa",4,174.3045682,-39.3428745,28
2019,12,"Taranaki","Pacific Black Duck","Anas superciliosa",7,174.1230226,-39.1285167,28
2019,12,"Taranaki","Pacific Black Duck","Anas superciliosa",8,173.8175082,-39.1792458,28
2019,12,"Taranaki","Red-breasted Dotterel","Charadrius obscurus",2,174.1052556,-39.037253,58
2019,12,"Taranaki","Red-breasted Dotterel","Charadrius obscurus",2,174.1052556,-39.037253,58
2019,12,"Taranaki","Red-breasted Dotterel","Charadrius obscurus",2,174.1052556,-39.037253,58
2019,12,"Taranaki","Red-breasted Dotterel","Charadrius obscurus",2,174.1841614,-38.9960369,58
2019,12,"Taranaki","Red-breasted Dotterel","Charadrius obscurus",2,174.1842018,-38.9955358,58
2019,12,"Taranaki","Red-breasted Dotterel","Charadrius obscurus",2,174.1842018,-38.9955358,58
2019,12,"Taranaki","Red-breasted Dotterel","Charadrius obscurus",2,174.184369,-38.9957109,58
2019,12,"Taranaki","Red-breasted Dotterel","Charadrius obscurus",2,174.184369,-38.9957109,58
2019,12,"Taranaki","Red-breasted Dotterel","Charadrius obscurus",2,174.1935429,-38.9997113,58
2019,12,"Taranaki","Red-breasted Dotterel","Charadrius obscurus",2,174.1935429,-38.9997113,58
2019,12,"Taranaki","Red-breasted Dotterel","Charadrius obscurus",3,173.793107,-39.4020024,58
2019,12,"Taranaki","Red-breasted Dotterel","Charadrius obscurus",3,174.1052556,-39.037253,58
2019,12,"Taranaki","Red-breasted Dotterel","Charadrius obscurus",3,174.1122723,-39.0377197,58
2019,12,"Taranaki","Red-breasted Dotterel","Charadrius obscurus",3,174.1122723,-39.0377197,58
2019,12,"Taranaki","Red-breasted Dotterel","Charadrius obscurus",3,174.1122723,-39.0377197,58
2019,12,"Taranaki","Red-breasted Dotterel","Charadrius obscurus",3,174.1935429,-38.9997113,58
2019,12,"Taranaki","Red-breasted Dotterel","Charadrius obscurus",5,174.184369,-38.9957109,58
2019,12,"Taranaki","Red-breasted Dotterel","Charadrius obscurus",7,173.790295,-39.4027883,58
2019,12,"Taranaki","Red-breasted Dotterel","Charadrius obscurus",8,173.7681628,-39.3393245,58
2019,12,"Taranaki","Tomtit","Petroica macrocephala",1,173.9809406,-39.2011154,70
2019,12,"Taranaki","Tomtit","Petroica macrocephala",1,174.1229,-39.3068,70
2019,12,"Taranaki","Tomtit","Petroica macrocephala",1,174.7627142,-39.2868396,70
2019,12,"Taranaki","Tomtit","Petroica macrocephala",1,174.7777921,-39.285294,70
2019,12,"Taranaki","Tomtit","Petroica macrocephala",1,174.7777921,-39.285294,70
2019,12,"Taranaki","Tomtit","Petroica macrocephala",1,174.810351,-39.305532,70
2019,12,"Taranaki","Tomtit","Petroica macrocephala",1,174.8127785,-39.3136847,70
2019,12,"Taranaki","Tomtit","Petroica macrocephala",2,174.0952973,-39.2705435,70
2019,12,"Taranaki","Tomtit","Petroica macrocephala",2,174.1168857,-39.2460951,70
2019,12,"Taranaki","Tomtit","Petroica macrocephala",2,174.751992,-39.2827325,70
2019,12,"Taranaki","Tomtit","Petroica macrocephala",2,174.7777114,-39.2852045,70
2019,12,"Taranaki","Tomtit","Petroica macrocephala",2,174.7777921,-39.285294,70
2019,12,"Taranaki","Tomtit","Petroica macrocephala",2,174.8015801,-39.3003024,70
2019,12,"Taranaki","Tomtit","Petroica macrocephala",2,174.8512959,-39.337443,70
2019,12,"Taranaki","Tomtit","Petroica macrocephala",3,173.9543653,-39.3049484,70
2019,12,"Taranaki","Tomtit","Petroica macrocephala",3,174.0329114,-39.2028693,70
2019,12,"Taranaki","Tomtit","Petroica macrocephala",4,173.9809406,-39.2011154,70
2019,12,"Taranaki","Tomtit","Petroica macrocephala",4,174.1305603,-39.2456606,70
2019,12,"Taranaki","Tomtit","Petroica macrocephala",4,174.8221286,-39.3286041,70
2019,12,"Taranaki","Tomtit","Petroica macrocephala",5,174.1239882,-39.2240742,70
2019,12,"Taranaki","Tomtit","Petroica macrocephala",5,174.1677601,-39.2955131,70
2019,12,"Taranaki","Tomtit","Petroica macrocephala",10,174.1034746,-39.3236084,70
2019,12,"Taranaki","Tomtit","Petroica macrocephala",11,173.9809406,-39.2011154,70
2020,1,"Taranaki","Caspian Tern","Hydroprogne caspia",1,174.1935429,-38.9997113,11
2020,1,"Taranaki","Caspian Tern","Hydroprogne caspia",2,174.0205588,-39.0596618,11
2020,1,"Taranaki","Caspian Tern","Hydroprogne caspia",2,174.1842018,-38.9955358,11
2020,1,"Taranaki","Caspian Tern","Hydroprogne caspia",2,174.184369,-38.9957109,11
2020,1,"Taranaki","Caspian Tern","Hydroprogne caspia",2,174.184369,-38.9957109,11
2020,1,"Taranaki","Caspian Tern","Hydroprogne caspia",2,174.1865993,-38.9970064,11
2020,1,"Taranaki","Long-tailed Koel","Urodynamis taitensis",1,174.1271564,-39.0336726,44
2020,1,"Taranaki","Long-tailed Koel","Urodynamis taitensis",1,174.2476305,-39.1554166,44
2020,1,"Taranaki","Long-tailed Koel","Urodynamis taitensis",1,174.4359792,-39.0948192,44
2020,1,"Taranaki","Long-tailed Koel","Urodynamis taitensis",1,174.636859,-39.1698008,44
2020,1,"Taranaki","Long-tailed Koel","Urodynamis taitensis",1,174.8512959,-39.337443,44
2020,1,"Taranaki","Long-tailed Koel","Urodynamis taitensis",1,174.8988647,-39.3689616,44
2020,1,"Taranaki","Long-tailed Koel","Urodynamis taitensis",2,174.860151,-39.3411882,44
2020,1,"Taranaki","Long-tailed Koel","Urodynamis taitensis",2,174.860151,-39.3411882,44
2020,1,"Taranaki","Long-tailed Koel","Urodynamis taitensis",3,174.118981,-39.2338067,44
2020,1,"Taranaki","Long-tailed Koel","Urodynamis taitensis",4,174.5931359,-38.901558,44
2020,1,"Taranaki","Long-tailed Koel","Urodynamis taitensis",4,174.5933528,-38.9014254,44
2020,1,"Taranaki","Long-tailed Koel","Urodynamis taitensis",4,174.7535717,-39.2839383,44
2020,1,"Taranaki","Long-tailed Koel","Urodynamis taitensis",4,174.7535717,-39.2839383,44
2020,1,"Taranaki","Long-tailed Koel","Urodynamis taitensis",5,173.9683872,-39.2258488,44
2020,1,"Taranaki","Long-tailed Koel","Urodynamis taitensis",5,174.7535717,-39.2839383,44
2020,1,"Taranaki","Long-tailed Koel","Urodynamis taitensis",5,174.8512959,-39.337443,44
2020,1,"Taranaki","New Zealand Grebe","Poliocephalus rufopectus",1,174.1227198,-39.1234276,18
2020,1,"Taranaki","New Zealand Grebe","Poliocephalus rufopectus",1,174.1227198,-39.1234276,18
2020,1,"Taranaki","New Zealand Grebe","Poliocephalus rufopectus",1,174.624362,-39.7804852,18
2020,1,"Taranaki","New Zealand Grebe","Poliocephalus rufopectus",1,174.6298837,-39.7655866,18
2020,1,"Taranaki","New Zealand Grebe","Poliocephalus rufopectus",2,174.308774,-39.4388202,18
2020,1,"Taranaki","New Zealand Grebe","Poliocephalus rufopectus",2,174.4091606,-39.4542215,18
2020,1,"Taranaki","New Zealand Grebe","Poliocephalus rufopectus",2,174.4832994,-39.7608158,18
2020,1,"Taranaki","New Zealand Grebe","Poliocephalus rufopectus",3,174.3045682,-39.3428745,18
2020,1,"Taranaki","New Zealand Grebe","Poliocephalus rufopectus",5,174.2150115,-39.1522495,18
2020,1,"Taranaki","Pacific Black Duck","Anas superciliosa",1,174.1227198,-39.1234276,5
2020,1,"Taranaki","Pacific Black Duck","Anas superciliosa",2,174.1230226,-39.1285167,5
2020,1,"Taranaki","Pacific Black Duck","Anas superciliosa",2,174.2150115,-39.1522495,5
2020,1,"Taranaki","Red-breasted Dotterel","Charadrius obscurus",1,174.1865993,-38.9970064,37
2020,1,"Taranaki","Red-breasted Dotterel","Charadrius obscurus",2,174.1842018,-38.9955358,37
2020,1,"Taranaki","Red-breasted Dotterel","Charadrius obscurus",2,174.1935429,-38.9997113,37
2020,1,"Taranaki","Red-breasted Dotterel","Charadrius obscurus",3,174.1052556,-39.037253,37
2020,1,"Taranaki","Red-breasted Dotterel","Charadrius obscurus",3,174.1052556,-39.037253,37
2020,1,"Taranaki","Red-breasted Dotterel","Charadrius obscurus",3,174.184369,-38.9957109,37
2020,1,"Taranaki","Red-breasted Dotterel","Charadrius obscurus",4,174.1052556,-39.037253,37
2020,1,"Taranaki","Red-breasted Dotterel","Charadrius obscurus",4,174.1271564,-39.0336726,37
2020,1,"Taranaki","Red-breasted Dotterel","Charadrius obscurus",4,174.1865993,-38.9970064,37
2020,1,"Taranaki","Red-breasted Dotterel","Charadrius obscurus",11,174.184369,-38.9957109,37
2020,1,"Taranaki","Tomtit","Petroica macrocephala",1,173.9808749,-39.2010837,56
2020,1,"Taranaki","Tomtit","Petroica macrocephala",1,174.4923601,-39.6143908,56
2020,1,"Taranaki","Tomtit","Petroica macrocephala",1,174.860151,-39.3411882,56
2020,1,"Taranaki","Tomtit","Petroica macrocephala",1,174.860151,-39.3411882,56
2020,1,"Taranaki","Tomtit","Petroica macrocephala",1,174.8769022,-39.3534115,56
2020,1,"Taranaki","Tomtit","Petroica macrocephala",1,174.8988647,-39.3689616,56
2020,1,"Taranaki","Tomtit","Petroica macrocephala",2,174.4091606,-39.4542215,56
2020,1,"Taranaki","Tomtit","Petroica macrocephala",2,174.7535717,-39.2839383,56
2020,1,"Taranaki","Tomtit","Petroica macrocephala",2,174.8512959,-39.337443,56
2020,1,"Taranaki","Tomtit","Petroica macrocephala",3,174.5931359,-38.901558,56
2020,1,"Taranaki","Tomtit","Petroica macrocephala",3,174.5933528,-38.9014254,56
2020,1,"Taranaki","Tomtit","Petroica macrocephala",3,174.7535717,-39.2839383,56
2020,1,"Taranaki","Tomtit","Petroica macrocephala",3,174.8898067,-39.3597402,56
2020,1,"Taranaki","Tomtit","Petroica macrocephala",4,173.9381969,-39.1485671,56
2020,1,"Taranaki","Tomtit","Petroica macrocephala",5,174.7535717,-39.2839383,56
2020,1,"Taranaki","Tomtit","Petroica macrocephala",7,174.118981,-39.2338067,56
2020,1,"Taranaki","Tomtit","Petroica macrocephala",8,173.9683872,-39.2258488,56
2020,1,"Taranaki","Tomtit","Petroica macrocephala",8,174.095985,-39.2702725,56
2020,2,"Taranaki","Caspian Tern","Hydroprogne caspia",1,174.0404212,-39.0580651,6
2020,2,"Taranaki","Caspian Tern","Hydroprogne caspia",1,174.1139108,-39.0430154,6
2020,2,"Taranaki","Caspian Tern","Hydroprogne caspia",1,174.193471,-38.9996976,6
2020,2,"Taranaki","Caspian Tern","Hydroprogne caspia",1,174.6834856,-39.8496578,6
2020,2,"Taranaki","Caspian Tern","Hydroprogne caspia",2,174.6046887,-38.7585838,6
2020,2,"Taranaki","Long-tailed Koel","Urodynamis taitensis",1,174.1319244,-39.2398757,12
2020,2,"Taranaki","Long-tailed Koel","Urodynamis taitensis",2,174.118981,-39.2338067,12
2020,2,"Taranaki","Long-tailed Koel","Urodynamis taitensis",3,174.117893,-39.2447321,12
2020,2,"Taranaki","Long-tailed Koel","Urodynamis taitensis",3,174.1184571,-39.2436422,12
2020,2,"Taranaki","Long-tailed Koel","Urodynamis taitensis",3,174.5610641,-39.3920483,12
2020,2,"Taranaki","New Zealand Grebe","Poliocephalus rufopectus",2,174.6823516,-39.8421477,5
2020,2,"Taranaki","New Zealand Grebe","Poliocephalus rufopectus",3,174.1230226,-39.1285167,5
2020,2,"Taranaki","Pacific Black Duck","Anas superciliosa",2,174.1230226,-39.1285167,4
2020,2,"Taranaki","Pacific Black Duck","Anas superciliosa",2,174.1230226,-39.1285167,4
2020,2,"Taranaki","Red-breasted Dotterel","Charadrius obscurus",3,174.1271564,-39.0336726,23
2020,2,"Taranaki","Red-breasted Dotterel","Charadrius obscurus",6,174.193471,-38.9996976,23
2020,2,"Taranaki","Red-breasted Dotterel","Charadrius obscurus",7,174.1911425,-38.9997777,23
2020,2,"Taranaki","Red-breasted Dotterel","Charadrius obscurus",7,174.1931028,-39.002669,23
2020,2,"Taranaki","Tomtit","Petroica macrocephala",1,174.0959079,-39.2702009,109
2020,2,"Taranaki","Tomtit","Petroica macrocephala",1,174.146739,-39.1389822,109
2020,2,"Taranaki","Tomtit","Petroica macrocephala",2,174.1123632,-39.2416884,109
2020,2,"Taranaki","Tomtit","Petroica macrocephala",2,174.4091606,-39.4542215,109
2020,2,"Taranaki","Tomtit","Petroica macrocephala",2,174.5610641,-39.3920483,109
2020,2,"Taranaki","Tomtit","Petroica macrocephala",4,174.1034746,-39.3236084,109
2020,2,"Taranaki","Tomtit","Petroica macrocephala",4,174.118981,-39.2338067,109
2020,2,"Taranaki","Tomtit","Petroica macrocephala",4,174.4091606,-39.4542215,109
2020,2,"Taranaki","Tomtit","Petroica macrocephala",5,174.118981,-39.2338067,109
2020,2,"Taranaki","Tomtit","Petroica macrocephala",6,174.1184571,-39.2436422,109
2020,2,"Taranaki","Tomtit","Petroica macrocephala",7,174.117893,-39.2447321,109
2020,2,"Taranaki","Tomtit","Petroica macrocephala",9,174.1150561,-39.2442502,109
2020,2,"Taranaki","Tomtit","Petroica macrocephala",11,174.1252036,-39.2476034,109
2020,2,"Taranaki","Tomtit","Petroica macrocephala",12,174.1313702,-39.2527369,109
2020,2,"Taranaki","Tomtit","Petroica macrocephala",18,174.1255316,-39.2368735,109
2020,2,"Taranaki","Tomtit","Petroica macrocephala",21,174.1319244,-39.2398757,109
2020,3,"Taranaki","Caspian Tern","Hydroprogne caspia",1,174.1052556,-39.037253,10
2020,3,"Taranaki","Caspian Tern","Hydroprogne caspia",1,174.184369,-38.9957109,10
2020,3,"Taranaki","Caspian Tern","Hydroprogne caspia",1,174.184369,-38.9957109,10
2020,3,"Taranaki","Caspian Tern","Hydroprogne caspia",1,174.1883589,-38.9975382,10
2020,3,"Taranaki","Caspian Tern","Hydroprogne caspia",1,174.193471,-38.9996976,10
2020,3,"Taranaki","Caspian Tern","Hydroprogne caspia",2,174.193471,-38.9996976,10
2020,3,"Taranaki","Caspian Tern","Hydroprogne caspia",3,174.1052556,-39.037253,10
2020,3,"Taranaki","Long-tailed Koel","Urodynamis taitensis",1,174.0681299,-39.2748337,2
2020,3,"Taranaki","Long-tailed Koel","Urodynamis taitensis",1,174.5958316,-39.2295273,2
2020,3,"Taranaki","New Zealand Grebe","Poliocephalus rufopectus",1,174.043304,-39.0882365,54
2020,3,"Taranaki","New Zealand Grebe","Poliocephalus rufopectus",1,174.6823516,-39.8421477,54
2020,3,"Taranaki","New Zealand Grebe","Poliocephalus rufopectus",2,174.1230226,-39.1285167,54
2020,3,"Taranaki","New Zealand Grebe","Poliocephalus rufopectus",7,174.2147389,-39.1520924,54
2020,3,"Taranaki","New Zealand Grebe","Poliocephalus rufopectus",7,174.2150115,-39.1522495,54
2020,3,"Taranaki","New Zealand Grebe","Poliocephalus rufopectus",18,174.3045682,-39.3428745,54
2020,3,"Taranaki","New Zealand Grebe","Poliocephalus rufopectus",18,174.3045682,-39.3428745,54
2020,3,"Taranaki","Pacific Black Duck","Anas superciliosa",2,174.1230226,-39.1285167,4
2020,3,"Taranaki","Pacific Black Duck","Anas superciliosa",2,174.193471,-38.9996976,4
2020,3,"Taranaki","Red-breasted Dotterel","Charadrius obscurus",1,173.8175082,-39.1792458,57
2020,3,"Taranaki","Red-breasted Dotterel","Charadrius obscurus",3,174.1883589,-38.9975382,57
2020,3,"Taranaki","Red-breasted Dotterel","Charadrius obscurus",3,174.193471,-38.9996976,57
2020,3,"Taranaki","Red-breasted Dotterel","Charadrius obscurus",5,174.193471,-38.9996976,57
2020,3,"Taranaki","Red-breasted Dotterel","Charadrius obscurus",5,174.193471,-38.9996976,57
2020,3,"Taranaki","Red-breasted Dotterel","Charadrius obscurus",6,174.184369,-38.9957109,57
2020,3,"Taranaki","Red-breasted Dotterel","Charadrius obscurus",13,174.184369,-38.9957109,57
2020,3,"Taranaki","Red-breasted Dotterel","Charadrius obscurus",21,174.184369,-38.9957109,57
2020,3,"Taranaki","Tomtit","Petroica macrocephala",1,174.085363,-39.2396232,92
2020,3,"Taranaki","Tomtit","Petroica macrocephala",1,174.0877546,-39.2830617,92
2020,3,"Taranaki","Tomtit","Petroica macrocephala",1,174.1034746,-39.3236084,92
2020,3,"Taranaki","Tomtit","Petroica macrocephala",1,174.1034746,-39.3236084,92
2020,3,"Taranaki","Tomtit","Petroica macrocephala",1,174.112744,-39.2417587,92
2020,3,"Taranaki","Tomtit","Petroica macrocephala",1,174.1128379,-39.2415687,92
2020,3,"Taranaki","Tomtit","Petroica macrocephala",1,174.2782903,-39.3418983,92
2020,3,"Taranaki","Tomtit","Petroica macrocephala",1,174.4091606,-39.4542215,92
2020,3,"Taranaki","Tomtit","Petroica macrocephala",1,174.5958316,-39.2295273,92
2020,3,"Taranaki","Tomtit","Petroica macrocephala",2,174.0353281,-39.2621555,92
2020,3,"Taranaki","Tomtit","Petroica macrocephala",2,174.4923601,-39.6143908,92
2020,3,"Taranaki","Tomtit","Petroica macrocephala",3,174.0472677,-39.2647363,92
2020,3,"Taranaki","Tomtit","Petroica macrocephala",3,174.0681299,-39.2748337,92
2020,3,"Taranaki","Tomtit","Petroica macrocephala",3,174.5725599,-39.5449757,92
2020,3,"Taranaki","Tomtit","Petroica macrocephala",4,174.1519088,-39.2412917,92
2020,3,"Taranaki","Tomtit","Petroica macrocephala",6,174.1051132,-39.2417445,92
2020,3,"Taranaki","Tomtit","Petroica macrocephala",6,174.1239882,-39.2240742,92
2020,3,"Taranaki","Tomtit","Petroica macrocephala",8,174.0607202,-39.2418227,92
2020,3,"Taranaki","Tomtit","Petroica macrocephala",8,174.1150561,-39.2442502,92
2020,3,"Taranaki","Tomtit","Petroica macrocephala",9,173.9836516,-39.3304049,92
2020,3,"Taranaki","Tomtit","Petroica macrocephala",9,174.1239882,-39.2240742,92
2020,3,"Taranaki","Tomtit","Petroica macrocephala",10,173.9836516,-39.3304049,92
2020,3,"Taranaki","Tomtit","Petroica macrocephala",10,174.1034746,-39.3236084,92
2020,4,"Taranaki","Caspian Tern","Hydroprogne caspia",1,174.1935429,-38.9997113,5
2020,4,"Taranaki","Caspian Tern","Hydroprogne caspia",2,174.1934045,-38.9999456,5
2020,4,"Taranaki","Caspian Tern","Hydroprogne caspia",2,174.2371234,-39.0127718,5
2020,4,"Taranaki","New Zealand Grebe","Poliocephalus rufopectus",1,174.2169145,-39.1516255,10
2020,4,"Taranaki","New Zealand Grebe","Poliocephalus rufopectus",4,174.1230226,-39.1285167,10
2020,4,"Taranaki","New Zealand Grebe","Poliocephalus rufopectus",5,174.1927126,-39.1555832,10
2020,4,"Taranaki","Pacific Black Duck","Anas superciliosa",1,174.106352,-39.056239,36
2020,4,"Taranaki","Pacific Black Duck","Anas superciliosa",4,174.1230226,-39.1285167,36
2020,4,"Taranaki","Pacific Black Duck","Anas superciliosa",4,174.1847994,-38.99462,36
2020,4,"Taranaki","Pacific Black Duck","Anas superciliosa",4,174.1932885,-38.9995521,36
2020,4,"Taranaki","Pacific Black Duck","Anas superciliosa",5,174.1934045,-38.9999456,36
2020,4,"Taranaki","Pacific Black Duck","Anas superciliosa",7,174.1933641,-38.9996264,36
2020,4,"Taranaki","Pacific Black Duck","Anas superciliosa",11,174.2169145,-39.1516255,36
2020,4,"Taranaki","Red-breasted Dotterel","Charadrius obscurus",3,174.1934045,-38.9999456,16
2020,4,"Taranaki","Red-breasted Dotterel","Charadrius obscurus",4,174.1935429,-38.9997113,16
2020,4,"Taranaki","Red-breasted Dotterel","Charadrius obscurus",4,174.2371234,-39.0127718,16
2020,4,"Taranaki","Red-breasted Dotterel","Charadrius obscurus",5,174.1847994,-38.99462,16
2020,4,"Taranaki","Tomtit","Petroica macrocephala",2,174.4923601,-39.6143908,15
2020,4,"Taranaki","Tomtit","Petroica macrocephala",4,173.9747075,-39.2625926,15
2020,4,"Taranaki","Tomtit","Petroica macrocephala",4,174.4923601,-39.6143908,15
2020,4,"Taranaki","Tomtit","Petroica macrocephala",5,174.4923601,-39.6143908,15
2020,5,"Taranaki","Caspian Tern","Hydroprogne caspia",1,174.106227,-39.056194,10
2020,5,"Taranaki","Caspian Tern","Hydroprogne caspia",1,174.1140082,-39.0429931,10
2020,5,"Taranaki","Caspian Tern","Hydroprogne caspia",1,174.1845396,-38.9954468,10
2020,5,"Taranaki","Caspian Tern","Hydroprogne caspia",1,174.3899125,-38.9930401,10
2020,5,"Taranaki","Caspian Tern","Hydroprogne caspia",2,174.1832419,-38.9969096,10
2020,5,"Taranaki","Caspian Tern","Hydroprogne caspia",2,174.184369,-38.9957109,10
2020,5,"Taranaki","Caspian Tern","Hydroprogne caspia",2,174.1865993,-38.9970064,10
2020,5,"Taranaki","New Zealand Grebe","Poliocephalus rufopectus",1,174.106342,-39.056233,64
2020,5,"Taranaki","New Zealand Grebe","Poliocephalus rufopectus",1,174.106348,-39.056236,64
2020,5,"Taranaki","New Zealand Grebe","Poliocephalus rufopectus",1,174.106356,-39.056241,64
2020,5,"Taranaki","New Zealand Grebe","Poliocephalus rufopectus",1,174.106415,-39.056136,64
2020,5,"Taranaki","New Zealand Grebe","Poliocephalus rufopectus",1,174.1832419,-38.9969096,64
2020,5,"Taranaki","New Zealand Grebe","Poliocephalus rufopectus",1,174.1845396,-38.9954468,64
2020,5,"Taranaki","New Zealand Grebe","Poliocephalus rufopectus",1,174.1865511,-38.9971439,64
2020,5,"Taranaki","New Zealand Grebe","Poliocephalus rufopectus",1,174.1865993,-38.9970064,64
2020,5,"Taranaki","New Zealand Grebe","Poliocephalus rufopectus",1,174.1934045,-38.9999456,64
2020,5,"Taranaki","New Zealand Grebe","Poliocephalus rufopectus",1,174.193471,-38.9996976,64
2020,5,"Taranaki","New Zealand Grebe","Poliocephalus rufopectus",1,174.1936123,-38.9999095,64
2020,5,"Taranaki","New Zealand Grebe","Poliocephalus rufopectus",1,174.2401819,-39.0127103,64
2020,5,"Taranaki","New Zealand Grebe","Poliocephalus rufopectus",1,174.6823516,-39.8421477,64
2020,5,"Taranaki","New Zealand Grebe","Poliocephalus rufopectus",2,174.1230226,-39.1285167,64
2020,5,"Taranaki","New Zealand Grebe","Poliocephalus rufopectus",2,174.1626092,-39.0627831,64
2020,5,"Taranaki","New Zealand Grebe","Poliocephalus rufopectus",2,174.1636261,-39.0622401,64
2020,5,"Taranaki","New Zealand Grebe","Poliocephalus rufopectus",2,174.1702085,-39.2953589,64
2020,5,"Taranaki","New Zealand Grebe","Poliocephalus rufopectus",3,173.861239,-39.457767,64
2020,5,"Taranaki","New Zealand Grebe","Poliocephalus rufopectus",3,174.1224957,-39.1229345,64
2020,5,"Taranaki","New Zealand Grebe","Poliocephalus rufopectus",3,174.1230226,-39.1285167,64
2020,5,"Taranaki","New Zealand Grebe","Poliocephalus rufopectus",3,174.125219,-39.1195211,64
2020,5,"Taranaki","New Zealand Grebe","Poliocephalus rufopectus",3,174.2038472,-39.0812419,64
2020,5,"Taranaki","New Zealand Grebe","Poliocephalus rufopectus",4,174.1227198,-39.1234276,64
2020,5,"Taranaki","New Zealand Grebe","Poliocephalus rufopectus",4,174.1230226,-39.1285167,64
2020,5,"Taranaki","New Zealand Grebe","Poliocephalus rufopectus",4,174.2169145,-39.1516255,64
2020,5,"Taranaki","New Zealand Grebe","Poliocephalus rufopectus",4,174.2967323,-39.3404925,64
2020,5,"Taranaki","New Zealand Grebe","Poliocephalus rufopectus",5,174.6785454,-39.8409478,64
2020,5,"Taranaki","New Zealand Grebe","Poliocephalus rufopectus",7,174.1239298,-39.1180072,64
2020,5,"Taranaki","Pacific Black Duck","Anas superciliosa",2,174.1230226,-39.1285167,34
2020,5,"Taranaki","Pacific Black Duck","Anas superciliosa",2,174.1239298,-39.1180072,34
2020,5,"Taranaki","Pacific Black Duck","Anas superciliosa",2,174.125219,-39.1195211,34
2020,5,"Taranaki","Pacific Black Duck","Anas superciliosa",2,174.1789057,-39.155045,34
2020,5,"Taranaki","Pacific Black Duck","Anas superciliosa",2,174.1865511,-38.9971439,34
2020,5,"Taranaki","Pacific Black Duck","Anas superciliosa",2,174.1865993,-38.9970064,34
2020,5,"Taranaki","Pacific Black Duck","Anas superciliosa",2,174.193471,-38.9996976,34
2020,5,"Taranaki","Pacific Black Duck","Anas superciliosa",2,174.6183572,-38.8639958,34
2020,5,"Taranaki","Pacific Black Duck","Anas superciliosa",4,174.1230226,-39.1285167,34
2020,5,"Taranaki","Pacific Black Duck","Anas superciliosa",4,174.1780092,-39.1560558,34
2020,5,"Taranaki","Pacific Black Duck","Anas superciliosa",4,174.6785454,-39.8409478,34
2020,5,"Taranaki","Pacific Black Duck","Anas superciliosa",6,174.2169145,-39.1516255,34
2020,5,"Taranaki","Red-breasted Dotterel","Charadrius obscurus",1,174.1845396,-38.9954468,31
2020,5,"Taranaki","Red-breasted Dotterel","Charadrius obscurus",2,174.1833895,-38.9967817,31
2020,5,"Taranaki","Red-breasted Dotterel","Charadrius obscurus",4,174.1077907,-39.0379147,31
2020,5,"Taranaki","Red-breasted Dotterel","Charadrius obscurus",4,174.1832419,-38.9969096,31
2020,5,"Taranaki","Red-breasted Dotterel","Charadrius obscurus",4,174.184369,-38.9957109,31
2020,5,"Taranaki","Red-breasted Dotterel","Charadrius obscurus",4,174.1936123,-38.9999095,31
2020,5,"Taranaki","Red-breasted Dotterel","Charadrius obscurus",5,174.1865993,-38.9970064,31
2020,5,"Taranaki","Red-breasted Dotterel","Charadrius obscurus",7,173.7828807,-39.3609304,31
2020,5,"Taranaki","Tomtit","Petroica macrocephala",1,173.920617,-39.239376,44
2020,5,"Taranaki","Tomtit","Petroica macrocephala",1,173.9381969,-39.1485671,44
2020,5,"Taranaki","Tomtit","Petroica macrocephala",1,173.9809406,-39.2011154,44
2020,5,"Taranaki","Tomtit","Petroica macrocephala",2,174.1549675,-39.1678613,44
2020,5,"Taranaki","Tomtit","Petroica macrocephala",2,174.4091606,-39.4542215,44
2020,5,"Taranaki","Tomtit","Petroica macrocephala",3,174.0952353,-39.2705963,44
2020,5,"Taranaki","Tomtit","Petroica macrocephala",4,174.089784,-39.284605,44
2020,5,"Taranaki","Tomtit","Petroica macrocephala",4,174.1131479,-39.2144738,44
2020,5,"Taranaki","Tomtit","Petroica macrocephala",6,173.982782,-39.195179,44
2020,5,"Taranaki","Tomtit","Petroica macrocephala",6,174.1125837,-39.241432,44
2020,5,"Taranaki","Tomtit","Petroica macrocephala",7,174.1143076,-39.2079142,44
2020,5,"Taranaki","Tomtit","Petroica macrocephala",7,174.1702085,-39.2953589,44
2020,6,"Taranaki","Caspian Tern","Hydroprogne caspia",1,174.1143751,-39.0406952,12
2020,6,"Taranaki","Caspian Tern","Hydroprogne caspia",1,174.1143751,-39.0406952,12
2020,6,"Taranaki","Caspian Tern","Hydroprogne caspia",1,174.1834809,-38.9967802,12
2020,6,"Taranaki","Caspian Tern","Hydroprogne caspia",2,173.7946686,-39.4014375,12
2020,6,"Taranaki","Caspian Tern","Hydroprogne caspia",2,174.0720059,-39.0559784,12
2020,6,"Taranaki","Caspian Tern","Hydroprogne caspia",2,174.1926104,-39.0011915,12
2020,6,"Taranaki","Caspian Tern","Hydroprogne caspia",3,173.7713543,-39.3302368,12
2020,6,"Taranaki","New Zealand Grebe","Poliocephalus rufopectus",1,174.106119,-39.048894,48
2020,6,"Taranaki","New Zealand Grebe","Poliocephalus rufopectus",1,174.10634,-39.056247,48
2020,6,"Taranaki","New Zealand Grebe","Poliocephalus rufopectus",1,174.106415,-39.056136,48
2020,6,"Taranaki","New Zealand Grebe","Poliocephalus rufopectus",1,174.106438,-39.056242,48
2020,6,"Taranaki","New Zealand Grebe","Poliocephalus rufopectus",1,174.1237367,-39.1178622,48
2020,6,"Taranaki","New Zealand Grebe","Poliocephalus rufopectus",1,174.2008318,-39.0821569,48
2020,6,"Taranaki","New Zealand Grebe","Poliocephalus rufopectus",2,174.1240831,-39.122516,48
2020,6,"Taranaki","New Zealand Grebe","Poliocephalus rufopectus",2,174.2013141,-39.082104,48
2020,6,"Taranaki","New Zealand Grebe","Poliocephalus rufopectus",3,174.1240831,-39.122516,48
2020,6,"Taranaki","New Zealand Grebe","Poliocephalus rufopectus",4,173.861239,-39.457767,48
2020,6,"Taranaki","New Zealand Grebe","Poliocephalus rufopectus",4,174.1230226,-39.1285167,48
2020,6,"Taranaki","New Zealand Grebe","Poliocephalus rufopectus",8,174.116006,-39.0424008,48
2020,6,"Taranaki","New Zealand Grebe","Poliocephalus rufopectus",9,174.1232441,-39.1182931,48
2020,6,"Taranaki","New Zealand Grebe","Poliocephalus rufopectus",10,174.1230226,-39.1285167,48
2020,6,"Taranaki","Pacific Black Duck","Anas superciliosa",1,174.046358,-39.0850085,17
2020,6,"Taranaki","Pacific Black Duck","Anas superciliosa",1,174.0817595,-39.0684133,17
2020,6,"Taranaki","Pacific Black Duck","Anas superciliosa",3,174.1230226,-39.1285167,17
2020,6,"Taranaki","Pacific Black Duck","Anas superciliosa",12,174.1237367,-39.1178622,17
2020,6,"Taranaki","Red-breasted Dotterel","Charadrius obscurus",2,173.790295,-39.4027883,44
2020,6,"Taranaki","Red-breasted Dotterel","Charadrius obscurus",2,173.790864,-39.4022902,44
2020,6,"Taranaki","Red-breasted Dotterel","Charadrius obscurus",2,174.1926104,-39.0011915,44
2020,6,"Taranaki","Red-breasted Dotterel","Charadrius obscurus",6,173.7713543,-39.3302368,44
2020,6,"Taranaki","Red-breasted Dotterel","Charadrius obscurus",32,173.7946686,-39.4014375,44
2020,6,"Taranaki","Tomtit","Petroica macrocephala",1,174.0877546,-39.2830617,27
2020,6,"Taranaki","Tomtit","Petroica macrocephala",1,174.0877546,-39.2830617,27
2020,6,"Taranaki","Tomtit","Petroica macrocephala",1,174.1230226,-39.1285167,27
2020,6,"Taranaki","Tomtit","Petroica macrocephala",1,174.1683399,-39.17233,27
2020,6,"Taranaki","Tomtit","Petroica macrocephala",2,174.1215194,-39.2079231,27
2020,6,"Taranaki","Tomtit","Petroica macrocephala",2,174.1215194,-39.2079231,27
2020,6,"Taranaki","Tomtit","Petroica macrocephala",4,174.0354,-39.2246,27
2020,6,"Taranaki","Tomtit","Petroica macrocephala",4,174.0354,-39.2246,27
2020,6,"Taranaki","Tomtit","Petroica macrocephala",11,174.118457,-39.2078408,27
2020,7,"Taranaki","Caspian Tern","Hydroprogne caspia",1,174.1052556,-39.037253,15
2020,7,"Taranaki","Caspian Tern","Hydroprogne caspia",1,174.106437,-39.056105,15
2020,7,"Taranaki","Caspian Tern","Hydroprogne caspia",1,174.184369,-38.9957109,15
2020,7,"Taranaki","Caspian Tern","Hydroprogne caspia",1,174.1864621,-38.9969047,15
2020,7,"Taranaki","Caspian Tern","Hydroprogne caspia",2,174.184369,-38.9957109,15
2020,7,"Taranaki","Caspian Tern","Hydroprogne caspia",2,174.1861965,-38.994695,15
2020,7,"Taranaki","Caspian Tern","Hydroprogne caspia",2,174.1934482,-38.9996159,15
2020,7,"Taranaki","Caspian Tern","Hydroprogne caspia",5,173.7908209,-39.4030505,15
2020,7,"Taranaki","New Zealand Grebe","Poliocephalus rufopectus",1,174.0463303,-39.0849963,52
2020,7,"Taranaki","New Zealand Grebe","Poliocephalus rufopectus",1,174.106436,-39.056107,52
2020,7,"Taranaki","New Zealand Grebe","Poliocephalus rufopectus",1,174.1239796,-39.1222408,52
2020,7,"Taranaki","New Zealand Grebe","Poliocephalus rufopectus",1,174.1865511,-38.9971439,52
2020,7,"Taranaki","New Zealand Grebe","Poliocephalus rufopectus",2,174.1222997,-39.1263782,52
2020,7,"Taranaki","New Zealand Grebe","Poliocephalus rufopectus",2,174.1237103,-39.1179118,52
2020,7,"Taranaki","New Zealand Grebe","Poliocephalus rufopectus",2,174.1240832,-39.1178592,52
2020,7,"Taranaki","New Zealand Grebe","Poliocephalus rufopectus",3,174.6823516,-39.8421477,52
2020,7,"Taranaki","New Zealand Grebe","Poliocephalus rufopectus",4,174.1241846,-39.1223728,52
2020,7,"Taranaki","New Zealand Grebe","Poliocephalus rufopectus",5,174.6785454,-39.8409478,52
2020,7,"Taranaki","New Zealand Grebe","Poliocephalus rufopectus",6,174.1235688,-39.1227569,52
2020,7,"Taranaki","New Zealand Grebe","Poliocephalus rufopectus",6,174.3031655,-39.3435388,52
2020,7,"Taranaki","New Zealand Grebe","Poliocephalus rufopectus",8,174.3031234,-39.3435749,52
2020,7,"Taranaki","New Zealand Grebe","Poliocephalus rufopectus",10,174.3032562,-39.3436492,52
2020,7,"Taranaki","Pacific Black Duck","Anas superciliosa",2,174.1160009,-39.1035254,8
2020,7,"Taranaki","Pacific Black Duck","Anas superciliosa",2,174.1207766,-39.1029058,8
2020,7,"Taranaki","Pacific Black Duck","Anas superciliosa",2,174.1235688,-39.1227569,8
2020,7,"Taranaki","Pacific Black Duck","Anas superciliosa",2,174.1240832,-39.1178592,8
2020,7,"Taranaki","Red-breasted Dotterel","Charadrius obscurus",1,173.790295,-39.4027883,11
2020,7,"Taranaki","Red-breasted Dotterel","Charadrius obscurus",1,174.114637,-39.0421841,11
2020,7,"Taranaki","Red-breasted Dotterel","Charadrius obscurus",1,174.184369,-38.9957109,11
2020,7,"Taranaki","Red-breasted Dotterel","Charadrius obscurus",3,174.1861965,-38.994695,11
2020,7,"Taranaki","Red-breasted Dotterel","Charadrius obscurus",5,173.7908209,-39.4030505,11
2020,7,"Taranaki","Tomtit","Petroica macrocephala",1,174.1183812,-39.2077864,23
2020,7,"Taranaki","Tomtit","Petroica macrocephala",1,174.1237103,-39.1179118,23
2020,7,"Taranaki","Tomtit","Petroica macrocephala",1,174.1518529,-39.3163407,23
2020,7,"Taranaki","Tomtit","Petroica macrocephala",1,174.2820189,-39.3424545,23
2020,7,"Taranaki","Tomtit","Petroica macrocephala",1,174.4923601,-39.6143908,23
2020,7,"Taranaki","Tomtit","Petroica macrocephala",1,174.5638712,-39.4020768,23
2020,7,"Taranaki","Tomtit","Petroica macrocephala",1,174.5889905,-39.4081953,23
2020,7,"Taranaki","Tomtit","Petroica macrocephala",2,173.9809406,-39.2011154,23
2020,7,"Taranaki","Tomtit","Petroica macrocephala",2,174.1450271,-39.192761,23
2020,7,"Taranaki","Tomtit","Petroica macrocephala",2,174.6336142,-39.3300044,23
2020,7,"Taranaki","Tomtit","Petroica macrocephala",5,174.0877546,-39.2830617,23
2020,7,"Taranaki","Tomtit","Petroica macrocephala",5,174.1184296,-39.2078305,23
2020,8,"Taranaki","Caspian Tern","Hydroprogne caspia",1,173.8554025,-39.4582309,15
2020,8,"Taranaki","Caspian Tern","Hydroprogne caspia",1,174.1052556,-39.037253,15
2020,8,"Taranaki","Caspian Tern","Hydroprogne caspia",1,174.1105155,-39.0363086,15
2020,8,"Taranaki","Caspian Tern","Hydroprogne caspia",1,174.1132443,-39.0384688,15
2020,8,"Taranaki","Caspian Tern","Hydroprogne caspia",1,174.3899125,-38.9930401,15
2020,8,"Taranaki","Caspian Tern","Hydroprogne caspia",2,174.1052556,-39.037253,15
2020,8,"Taranaki","Caspian Tern","Hydroprogne caspia",2,174.1839535,-38.9967102,15
2020,8,"Taranaki","Caspian Tern","Hydroprogne caspia",2,174.192033,-39.0018614,15
2020,8,"Taranaki","Caspian Tern","Hydroprogne caspia",2,174.229752,-38.9884946,15
2020,8,"Taranaki","Caspian Tern","Hydroprogne caspia",2,174.3914098,-38.9908161,15
2020,8,"Taranaki","New Zealand Grebe","Poliocephalus rufopectus",1,174.192033,-39.0018614,25
2020,8,"Taranaki","New Zealand Grebe","Poliocephalus rufopectus",2,174.1247508,-39.1180146,25
2020,8,"Taranaki","New Zealand Grebe","Poliocephalus rufopectus",3,173.861239,-39.457767,25
2020,8,"Taranaki","New Zealand Grebe","Poliocephalus rufopectus",6,174.1219985,-39.1284233,25
2020,8,"Taranaki","New Zealand Grebe","Poliocephalus rufopectus",6,174.1230226,-39.1285167,25
2020,8,"Taranaki","New Zealand Grebe","Poliocephalus rufopectus",7,174.1235688,-39.1227569,25
2020,8,"Taranaki","Pacific Black Duck","Anas superciliosa",1,174.33083,-39.2068866,39
2020,8,"Taranaki","Pacific Black Duck","Anas superciliosa",2,173.861239,-39.457767,39
2020,8,"Taranaki","Pacific Black Duck","Anas superciliosa",2,174.0906412,-39.0517071,39
2020,8,"Taranaki","Pacific Black Duck","Anas superciliosa",2,174.1052556,-39.037253,39
2020,8,"Taranaki","Pacific Black Duck","Anas superciliosa",2,174.2476305,-39.1554166,39
2020,8,"Taranaki","Pacific Black Duck","Anas superciliosa",3,174.3312048,-39.2067745,39
2020,8,"Taranaki","Pacific Black Duck","Anas superciliosa",5,174.1230226,-39.1285167,39
2020,8,"Taranaki","Pacific Black Duck","Anas superciliosa",5,174.1247508,-39.1180146,39
2020,8,"Taranaki","Pacific Black Duck","Anas superciliosa",6,174.1219985,-39.1284233,39
2020,8,"Taranaki","Pacific Black Duck","Anas superciliosa",11,174.1235688,-39.1227569,39
2020,8,"Taranaki","Red-breasted Dotterel","Charadrius obscurus",3,174.1132443,-39.0384688,18
2020,8,"Taranaki","Red-breasted Dotterel","Charadrius obscurus",3,174.192033,-39.0018614,18
2020,8,"Taranaki","Red-breasted Dotterel","Charadrius obscurus",6,173.790295,-39.4027883,18
2020,8,"Taranaki","Red-breasted Dotterel","Charadrius obscurus",6,174.1839535,-38.9967102,18
2020,8,"Taranaki","Tomtit","Petroica macrocephala",1,174.1451499,-39.1928679,30
2020,8,"Taranaki","Tomtit","Petroica macrocephala",1,174.4091606,-39.4542215,30
2020,8,"Taranaki","Tomtit","Petroica macrocephala",1,174.5271866,-39.1750987,30
2020,8,"Taranaki","Tomtit","Petroica macrocephala",1,174.5283231,-39.6191241,30
2020,8,"Taranaki","Tomtit","Petroica macrocephala",2,174.0958359,-39.2700294,30
2020,8,"Taranaki","Tomtit","Petroica macrocephala",2,174.152602,-39.3170265,30
2020,8,"Taranaki","Tomtit","Petroica macrocephala",2,174.4091606,-39.4542215,30
2020,8,"Taranaki","Tomtit","Petroica macrocephala",3,174.4831078,-39.1388641,30
2020,8,"Taranaki","Tomtit","Petroica macrocephala",4,174.4091606,-39.4542215,30
2020,8,"Taranaki","Tomtit","Petroica macrocephala",4,174.93196,-39.72501,30
2020,8,"Taranaki","Tomtit","Petroica macrocephala",4,174.93768,-39.72432,30
2020,8,"Taranaki","Tomtit","Petroica macrocephala",5,174.1232248,-39.2477393,30
2020,9,"Taranaki","Caspian Tern","Hydroprogne caspia",1,173.7712786,-39.3302555,9
2020,9,"Taranaki","Caspian Tern","Hydroprogne caspia",1,173.8191893,-39.1732909,9
2020,9,"Taranaki","Caspian Tern","Hydroprogne caspia",1,173.9194622,-39.1551638,9
2020,9,"Taranaki","Caspian Tern","Hydroprogne caspia",1,174.0855039,-39.0533948,9
2020,9,"Taranaki","Caspian Tern","Hydroprogne caspia",1,174.1052556,-39.037253,9
2020,9,"Taranaki","Caspian Tern","Hydroprogne caspia",1,174.1111005,-39.0354774,9
2020,9,"Taranaki","Caspian Tern","Hydroprogne caspia",1,174.1926476,-39.0012382,9
2020,9,"Taranaki","Caspian Tern","Hydroprogne caspia",2,173.790295,-39.4027883,9
2020,9,"Taranaki","New Zealand Grebe","Poliocephalus rufopectus",1,174.042304,-39.0911368,43
2020,9,"Taranaki","New Zealand Grebe","Poliocephalus rufopectus",1,174.0429836,-39.0898123,43
2020,9,"Taranaki","New Zealand Grebe","Poliocephalus rufopectus",1,174.1101206,-39.082272,43
2020,9,"Taranaki","New Zealand Grebe","Poliocephalus rufopectus",1,174.6785454,-39.8409478,43
2020,9,"Taranaki","New Zealand Grebe","Poliocephalus rufopectus",2,174.3034505,-39.3436829,43
2020,9,"Taranaki","New Zealand Grebe","Poliocephalus rufopectus",2,174.4842104,-39.7636248,43
2020,9,"Taranaki","New Zealand Grebe","Poliocephalus rufopectus",2,174.6823516,-39.8421477,43
2020,9,"Taranaki","New Zealand Grebe","Poliocephalus rufopectus",3,173.8603033,-39.4582411,43
2020,9,"Taranaki","New Zealand Grebe","Poliocephalus rufopectus",3,174.0392414,-39.0908575,43
2020,9,"Taranaki","New Zealand Grebe","Poliocephalus rufopectus",3,174.1230226,-39.1285167,43
2020,9,"Taranaki","New Zealand Grebe","Poliocephalus rufopectus",12,174.2682732,-39.6129743,43
2020,9,"Taranaki","New Zealand Grebe","Poliocephalus rufopectus",12,174.2699107,-39.6096248,43
2020,9,"Taranaki","Pacific Black Duck","Anas superciliosa",1,174.0392414,-39.0908575,34
2020,9,"Taranaki","Pacific Black Duck","Anas superciliosa",1,174.042304,-39.0911368,34
2020,9,"Taranaki","Pacific Black Duck","Anas superciliosa",1,174.1137266,-39.0386208,34
2020,9,"Taranaki","Pacific Black Duck","Anas superciliosa",1,174.2682732,-39.6129743,34
2020,9,"Taranaki","Pacific Black Duck","Anas superciliosa",2,174.1084574,-39.0880746,34
2020,9,"Taranaki","Pacific Black Duck","Anas superciliosa",2,174.2699107,-39.6096248,34
2020,9,"Taranaki","Pacific Black Duck","Anas superciliosa",2,174.5944312,-38.8072955,34
2020,9,"Taranaki","Pacific Black Duck","Anas superciliosa",3,174.1230226,-39.1285167,34
2020,9,"Taranaki","Pacific Black Duck","Anas superciliosa",3,174.2075829,-39.1566277,34
2020,9,"Taranaki","Pacific Black Duck","Anas superciliosa",4,174.1101206,-39.082272,34
2020,9,"Taranaki","Pacific Black Duck","Anas superciliosa",4,174.2974958,-39.6191226,34
2020,9,"Taranaki","Pacific Black Duck","Anas superciliosa",5,173.8603033,-39.4582411,34
2020,9,"Taranaki","Pacific Black Duck","Anas superciliosa",5,174.103511,-39.057094,34
2020,9,"Taranaki","Red-breasted Dotterel","Charadrius obscurus",1,174.1111005,-39.0354774,18
2020,9,"Taranaki","Red-breasted Dotterel","Charadrius obscurus",1,174.1926476,-39.0012382,18
2020,9,"Taranaki","Red-breasted Dotterel","Charadrius obscurus",2,173.790295,-39.4027883,18
2020,9,"Taranaki","Red-breasted Dotterel","Charadrius obscurus",3,174.1839535,-38.9967102,18
2020,9,"Taranaki","Red-breasted Dotterel","Charadrius obscurus",3,174.1839535,-38.9967102,18
2020,9,"Taranaki","Red-breasted Dotterel","Charadrius obscurus",4,173.7712786,-39.3302555,18
2020,9,"Taranaki","Red-breasted Dotterel","Charadrius obscurus",4,173.7946272,-39.4012015,18
2020,9,"Taranaki","Tomtit","Petroica macrocephala",1,173.9809406,-39.2011154,86
2020,9,"Taranaki","Tomtit","Petroica macrocephala",1,173.9809406,-39.2011154,86
2020,9,"Taranaki","Tomtit","Petroica macrocephala",1,174.0759151,-39.2191698,86
2020,9,"Taranaki","Tomtit","Petroica macrocephala",1,174.282501,-39.341912,86
2020,9,"Taranaki","Tomtit","Petroica macrocephala",1,174.5638712,-39.4020768,86
2020,9,"Taranaki","Tomtit","Petroica macrocephala",1,174.5889905,-39.4081953,86
2020,9,"Taranaki","Tomtit","Petroica macrocephala",2,174.0826483,-39.2100038,86
2020,9,"Taranaki","Tomtit","Petroica macrocephala",2,174.1126315,-39.2416811,86
2020,9,"Taranaki","Tomtit","Petroica macrocephala",2,174.1158789,-39.2441606,86
2020,9,"Taranaki","Tomtit","Petroica macrocephala",2,174.93196,-39.72501,86
2020,9,"Taranaki","Tomtit","Petroica macrocephala",3,173.9774388,-39.1994261,86
2020,9,"Taranaki","Tomtit","Petroica macrocephala",3,174.1145543,-39.246836,86
2020,9,"Taranaki","Tomtit","Petroica macrocephala",3,174.1183268,-39.2510086,86
2020,9,"Taranaki","Tomtit","Petroica macrocephala",3,174.4923601,-39.6143908,86
2020,9,"Taranaki","Tomtit","Petroica macrocephala",3,174.6292183,-39.4384173,86
2020,9,"Taranaki","Tomtit","Petroica macrocephala",4,174.1199235,-39.2333628,86
2020,9,"Taranaki","Tomtit","Petroica macrocephala",4,174.1215656,-39.2319722,86
2020,9,"Taranaki","Tomtit","Petroica macrocephala",4,174.93768,-39.72432,86
2020,9,"Taranaki","Tomtit","Petroica macrocephala",5,174.1184021,-39.2346031,86
2020,9,"Taranaki","Tomtit","Petroica macrocephala",5,174.1189927,-39.2345145,86
2020,9,"Taranaki","Tomtit","Petroica macrocephala",6,174.1205074,-39.2382743,86
2020,9,"Taranaki","Tomtit","Petroica macrocephala",7,174.1077133,-39.2559884,86
2020,9,"Taranaki","Tomtit","Petroica macrocephala",10,174.1077133,-39.2559884,86
2020,9,"Taranaki","Tomtit","Petroica macrocephala",12,174.118457,-39.2078408,86
2020,10,"Taranaki","Caspian Tern","Hydroprogne caspia",1,174.1833879,-38.9967248,7
2020,10,"Taranaki","Caspian Tern","Hydroprogne caspia",1,174.184369,-38.9957109,7
2020,10,"Taranaki","Caspian Tern","Hydroprogne caspia",1,174.1864654,-38.9970123,7
2020,10,"Taranaki","Caspian Tern","Hydroprogne caspia",1,174.1937922,-38.9998144,7
2020,10,"Taranaki","Caspian Tern","Hydroprogne caspia",1,174.3905571,-38.992825,7
2020,10,"Taranaki","Caspian Tern","Hydroprogne caspia",2,174.5944312,-38.8072955,7
2020,10,"Taranaki","Long-tailed Koel","Urodynamis taitensis",1,173.9810257,-39.199783,3
2020,10,"Taranaki","Long-tailed Koel","Urodynamis taitensis",1,174.1183711,-39.2075943,3
2020,10,"Taranaki","Long-tailed Koel","Urodynamis taitensis",1,174.1218547,-39.2078488,3
2020,10,"Taranaki","New Zealand Grebe","Poliocephalus rufopectus",1,174.1101206,-39.082272,19
2020,10,"Taranaki","New Zealand Grebe","Poliocephalus rufopectus",1,174.1230226,-39.1285167,19
2020,10,"Taranaki","New Zealand Grebe","Poliocephalus rufopectus",1,174.1239839,-39.1178467,19
2020,10,"Taranaki","New Zealand Grebe","Poliocephalus rufopectus",2,174.0390075,-39.0906679,19
2020,10,"Taranaki","New Zealand Grebe","Poliocephalus rufopectus",2,174.1220794,-39.1283498,19
2020,10,"Taranaki","New Zealand Grebe","Poliocephalus rufopectus",2,174.1221171,-39.1282657,19
2020,10,"Taranaki","New Zealand Grebe","Poliocephalus rufopectus",3,174.1224711,-39.1249646,19
2020,10,"Taranaki","New Zealand Grebe","Poliocephalus rufopectus",3,174.124014,-39.1179357,19
2020,10,"Taranaki","New Zealand Grebe","Poliocephalus rufopectus",4,174.1220933,-39.1296846,19
2020,10,"Taranaki","Pacific Black Duck","Anas superciliosa",1,174.112299,-39.0381302,35
2020,10,"Taranaki","Pacific Black Duck","Anas superciliosa",1,174.1159813,-39.1033259,35
2020,10,"Taranaki","Pacific Black Duck","Anas superciliosa",1,174.4077511,-39.4548767,35
2020,10,"Taranaki","Pacific Black Duck","Anas superciliosa",1,174.4091606,-39.4542215,35
2020,10,"Taranaki","Pacific Black Duck","Anas superciliosa",2,174.1101206,-39.082272,35
2020,10,"Taranaki","Pacific Black Duck","Anas superciliosa",2,174.1102945,-39.1002493,35
2020,10,"Taranaki","Pacific Black Duck","Anas superciliosa",2,174.1103005,-39.2159805,35
2020,10,"Taranaki","Pacific Black Duck","Anas superciliosa",2,174.1160722,-39.1033474,35
2020,10,"Taranaki","Pacific Black Duck","Anas superciliosa",2,174.1218547,-39.2078488,35
2020,10,"Taranaki","Pacific Black Duck","Anas superciliosa",2,174.1220794,-39.1283498,35
2020,10,"Taranaki","Pacific Black Duck","Anas superciliosa",2,174.1220933,-39.1296846,35
2020,10,"Taranaki","Pacific Black Duck","Anas superciliosa",2,174.1248182,-39.1183875,35
2020,10,"Taranaki","Pacific Black Duck","Anas superciliosa",2,174.1253493,-39.1192047,35
2020,10,"Taranaki","Pacific Black Duck","Anas superciliosa",3,174.1239839,-39.1178467,35
2020,10,"Taranaki","Pacific Black Duck","Anas superciliosa",4,174.115802,-39.1033956,35
2020,10,"Taranaki","Pacific Black Duck","Anas superciliosa",6,174.1160722,-39.1033474,35
2020,10,"Taranaki","Red-breasted Dotterel","Charadrius obscurus",1,174.1111332,-39.034635,19
2020,10,"Taranaki","Red-breasted Dotterel","Charadrius obscurus",1,174.1833879,-38.9967248,19
2020,10,"Taranaki","Red-breasted Dotterel","Charadrius obscurus",2,174.5944312,-38.8072955,19
2020,10,"Taranaki","Red-breasted Dotterel","Charadrius obscurus",3,174.1937922,-38.9998144,19
2020,10,"Taranaki","Red-breasted Dotterel","Charadrius obscurus",4,174.1839535,-38.9967102,19
2020,10,"Taranaki","Red-breasted Dotterel","Charadrius obscurus",4,174.184369,-38.9957109,19
2020,10,"Taranaki","Red-breasted Dotterel","Charadrius obscurus",4,174.1865993,-38.9970064,19
2020,10,"Taranaki","Tomtit","Petroica macrocephala",1,174.1015773,-39.2778107,73
2020,10,"Taranaki","Tomtit","Petroica macrocephala",1,174.1128379,-39.2415687,73
2020,10,"Taranaki","Tomtit","Petroica macrocephala",1,174.4923601,-39.6143908,73
2020,10,"Taranaki","Tomtit","Petroica macrocephala",1,174.6412933,-39.5990708,73
2020,10,"Taranaki","Tomtit","Petroica macrocephala",1,174.6959368,-39.4189295,73
2020,10,"Taranaki","Tomtit","Petroica macrocephala",1,174.6959368,-39.4189295,73
2020,10,"Taranaki","Tomtit","Petroica macrocephala",1,174.8837241,-39.4880364,73
2020,10,"Taranaki","Tomtit","Petroica macrocephala",1,174.8837241,-39.4880364,73
2020,10,"Taranaki","Tomtit","Petroica macrocephala",2,174.0927703,-39.2774056,73
2020,10,"Taranaki","Tomtit","Petroica macrocephala",2,174.1051132,-39.2417445,73
2020,10,"Taranaki","Tomtit","Petroica macrocephala",2,174.1126462,-39.2415029,73
2020,10,"Taranaki","Tomtit","Petroica macrocephala",2,174.6995468,-39.5772975,73
2020,10,"Taranaki","Tomtit","Petroica macrocephala",3,173.9809406,-39.2011154,73
2020,10,"Taranaki","Tomtit","Petroica macrocephala",3,174.1127982,-39.2416378,73
2020,10,"Taranaki","Tomtit","Petroica macrocephala",3,174.1129581,-39.2416861,73
2020,10,"Taranaki","Tomtit","Petroica macrocephala",3,174.4091606,-39.4542215,73
2020,10,"Taranaki","Tomtit","Petroica macrocephala",3,174.4091606,-39.4542215,73
2020,10,"Taranaki","Tomtit","Petroica macrocephala",4,174.112565,-39.2416783,73
2020,10,"Taranaki","Tomtit","Petroica macrocephala",6,174.1230226,-39.1285167,73
2020,10,"Taranaki","Tomtit","Petroica macrocephala",8,174.1365539,-39.2489791,73
2020,10,"Taranaki","Tomtit","Petroica macrocephala",11,174.4091606,-39.4542215,73
2020,10,"Taranaki","Tomtit","Petroica macrocephala",13,174.1334357,-39.2421415,73
2020,11,"Taranaki","Long-tailed Koel","Urodynamis taitensis",1,174.9710912,-39.5201375,5
2020,11,"Taranaki","Long-tailed Koel","Urodynamis taitensis",2,174.5889905,-39.4081953,5
2020,11,"Taranaki","Long-tailed Koel","Urodynamis taitensis",2,174.977119,-39.560593,5
2020,11,"Taranaki","New Zealand Grebe","Poliocephalus rufopectus",1,174.1230226,-39.1285167,8
2020,11,"Taranaki","New Zealand Grebe","Poliocephalus rufopectus",1,174.4832994,-39.7608158,8
2020,11,"Taranaki","New Zealand Grebe","Poliocephalus rufopectus",1,174.6823516,-39.8421477,8
2020,11,"Taranaki","New Zealand Grebe","Poliocephalus rufopectus",2,174.1230226,-39.1285167,8
2020,11,"Taranaki","New Zealand Grebe","Poliocephalus rufopectus",3,174.1247508,-39.1180146,8
2020,11,"Taranaki","Pacific Black Duck","Anas superciliosa",2,174.122271,-39.1292517,13
2020,11,"Taranaki","Pacific Black Duck","Anas superciliosa",2,174.1230226,-39.1285167,13
2020,11,"Taranaki","Pacific Black Duck","Anas superciliosa",2,174.1230226,-39.1285167,13
2020,11,"Taranaki","Pacific Black Duck","Anas superciliosa",2,174.4091606,-39.4542215,13
2020,11,"Taranaki","Pacific Black Duck","Anas superciliosa",5,174.1247508,-39.1180146,13
2020,11,"Taranaki","Red-breasted Dotterel","Charadrius obscurus",1,174.1133555,-39.038391,4
2020,11,"Taranaki","Red-breasted Dotterel","Charadrius obscurus",1,174.184369,-38.9957109,4
2020,11,"Taranaki","Red-breasted Dotterel","Charadrius obscurus",2,174.1940268,-38.9995693,4
2020,11,"Taranaki","Tomtit","Petroica macrocephala",1,173.9809406,-39.2011154,46
2020,11,"Taranaki","Tomtit","Petroica macrocephala",1,173.9809406,-39.2011154,46
2020,11,"Taranaki","Tomtit","Petroica macrocephala",1,174.1034746,-39.3236084,46
2020,11,"Taranaki","Tomtit","Petroica macrocephala",1,174.1063413,-39.3244837,46
2020,11,"Taranaki","Tomtit","Petroica macrocephala",1,174.118457,-39.2078408,46
2020,11,"Taranaki","Tomtit","Petroica macrocephala",1,174.118457,-39.2078408,46
2020,11,"Taranaki","Tomtit","Petroica macrocephala",1,174.1711815,-39.2903508,46
2020,11,"Taranaki","Tomtit","Petroica macrocephala",1,174.1767727,-39.2878769,46
2020,11,"Taranaki","Tomtit","Petroica macrocephala",1,174.4091606,-39.4542215,46
2020,11,"Taranaki","Tomtit","Petroica macrocephala",1,174.9695463,-39.5130851,46
2020,11,"Taranaki","Tomtit","Petroica macrocephala",2,173.9379941,-39.1475378,46
2020,11,"Taranaki","Tomtit","Petroica macrocephala",2,174.1548539,-39.2977861,46
2020,11,"Taranaki","Tomtit","Petroica macrocephala",2,174.4091606,-39.4542215,46
2020,11,"Taranaki","Tomtit","Petroica macrocephala",2,174.9710912,-39.5201375,46
2020,11,"Taranaki","Tomtit","Petroica macrocephala",2,174.97273,-39.59202,46
2020,11,"Taranaki","Tomtit","Petroica macrocephala",2,174.977119,-39.560593,46
2020,11,"Taranaki","Tomtit","Petroica macrocephala",2,174.9887379,-39.5382499,46
2020,11,"Taranaki","Tomtit","Petroica macrocephala",3,174.1543244,-39.2931879,46
2020,11,"Taranaki","Tomtit","Petroica macrocephala",3,174.97273,-39.59202,46
2020,11,"Taranaki","Tomtit","Petroica macrocephala",3,174.9739465,-39.5764248,46
2020,11,"Taranaki","Tomtit","Petroica macrocephala",4,174.1708139,-39.2927479,46
2020,11,"Taranaki","Tomtit","Petroica macrocephala",4,174.4091606,-39.4542215,46
2020,11,"Taranaki","Tomtit","Petroica macrocephala",5,174.1609347,-39.2956743,46
2020,12,"Taranaki","Caspian Tern","Hydroprogne caspia",1,173.7712393,-39.3302119,3
2020,12,"Taranaki","Caspian Tern","Hydroprogne caspia",2,174.1852937,-38.9949281,3
2020,12,"Taranaki","Long-tailed Koel","Urodynamis taitensis",2,174.7718741,-38.7689677,2
2020,12,"Taranaki","New Zealand Grebe","Poliocephalus rufopectus",1,174.1220794,-39.1283498,17
2020,12,"Taranaki","New Zealand Grebe","Poliocephalus rufopectus",1,174.1220933,-39.1296846,17
2020,12,"Taranaki","New Zealand Grebe","Poliocephalus rufopectus",1,174.1227198,-39.1234276,17
2020,12,"Taranaki","New Zealand Grebe","Poliocephalus rufopectus",2,174.0429836,-39.0898123,17
2020,12,"Taranaki","New Zealand Grebe","Poliocephalus rufopectus",2,174.1117878,-39.083545,17
2020,12,"Taranaki","New Zealand Grebe","Poliocephalus rufopectus",3,174.1117381,-39.083666,17
2020,12,"Taranaki","New Zealand Grebe","Poliocephalus rufopectus",3,174.210212,-39.582135,17
2020,12,"Taranaki","New Zealand Grebe","Poliocephalus rufopectus",4,173.861239,-39.457767,17
2020,12,"Taranaki","Pacific Black Duck","Anas superciliosa",1,174.1052556,-39.037253,10
2020,12,"Taranaki","Pacific Black Duck","Anas superciliosa",2,174.1220933,-39.1296846,10
2020,12,"Taranaki","Pacific Black Duck","Anas superciliosa",3,174.1220794,-39.1283498,10
2020,12,"Taranaki","Pacific Black Duck","Anas superciliosa",4,174.1117381,-39.083666,10
2020,12,"Taranaki","Red-breasted Dotterel","Charadrius obscurus",2,173.790295,-39.4027883,30
2020,12,"Taranaki","Red-breasted Dotterel","Charadrius obscurus",2,174.1111005,-39.0354774,30
2020,12,"Taranaki","Red-breasted Dotterel","Charadrius obscurus",2,174.1832881,-38.9964656,30
2020,12,"Taranaki","Red-breasted Dotterel","Charadrius obscurus",2,174.1838056,-38.9966654,30
2020,12,"Taranaki","Red-breasted Dotterel","Charadrius obscurus",2,174.184369,-38.9957109,30
2020,12,"Taranaki","Red-breasted Dotterel","Charadrius obscurus",2,174.1852937,-38.9949281,30
2020,12,"Taranaki","Red-breasted Dotterel","Charadrius obscurus",2,174.1852937,-38.9949281,30
2020,12,"Taranaki","Red-breasted Dotterel","Charadrius obscurus",2,174.1879118,-38.9942567,30
2020,12,"Taranaki","Red-breasted Dotterel","Charadrius obscurus",3,173.790295,-39.4027883,30
2020,12,"Taranaki","Red-breasted Dotterel","Charadrius obscurus",3,174.1853051,-38.9965327,30
2020,12,"Taranaki","Red-breasted Dotterel","Charadrius obscurus",4,173.7712393,-39.3302119,30
2020,12,"Taranaki","Red-breasted Dotterel","Charadrius obscurus",4,174.184369,-38.9957109,30
2020,12,"Taranaki","Tomtit","Petroica macrocephala",1,173.9599454,-39.2654082,46
2020,12,"Taranaki","Tomtit","Petroica macrocephala",1,173.9599454,-39.2654082,46
2020,12,"Taranaki","Tomtit","Petroica macrocephala",1,173.9599454,-39.2654082,46
2020,12,"Taranaki","Tomtit","Petroica macrocephala",1,173.9599454,-39.2654082,46
2020,12,"Taranaki","Tomtit","Petroica macrocephala",1,173.9599454,-39.2654082,46
2020,12,"Taranaki","Tomtit","Petroica macrocephala",1,173.9599454,-39.2654082,46
2020,12,"Taranaki","Tomtit","Petroica macrocephala",1,173.980729,-39.2015521,46
2020,12,"Taranaki","Tomtit","Petroica macrocephala",1,174.041546,-39.213476,46
2020,12,"Taranaki","Tomtit","Petroica macrocephala",1,174.1361465,-39.281802,46
2020,12,"Taranaki","Tomtit","Petroica macrocephala",1,174.1361465,-39.281802,46
2020,12,"Taranaki","Tomtit","Petroica macrocephala",1,174.1361465,-39.281802,46
2020,12,"Taranaki","Tomtit","Petroica macrocephala",1,174.1361465,-39.281802,46
2020,12,"Taranaki","Tomtit","Petroica macrocephala",1,174.1361465,-39.281802,46
2020,12,"Taranaki","Tomtit","Petroica macrocephala",1,174.6797334,-38.770442,46
2020,12,"Taranaki","Tomtit","Petroica macrocephala",1,174.6797334,-38.770442,46
2020,12,"Taranaki","Tomtit","Petroica macrocephala",1,174.6797334,-38.770442,46
2020,12,"Taranaki","Tomtit","Petroica macrocephala",1,174.6797334,-38.770442,46
2020,12,"Taranaki","Tomtit","Petroica macrocephala",1,174.7718741,-38.7689677,46
2020,12,"Taranaki","Tomtit","Petroica macrocephala",1,174.7718741,-38.7689677,46
2020,12,"Taranaki","Tomtit","Petroica macrocephala",2,174.1361465,-39.281802,46
2020,12,"Taranaki","Tomtit","Petroica macrocephala",2,174.6797334,-38.770442,46
2020,12,"Taranaki","Tomtit","Petroica macrocephala",2,174.6797334,-38.770442,46
2020,12,"Taranaki","Tomtit","Petroica macrocephala",6,174.1034746,-39.3236084,46
2020,12,"Taranaki","Tomtit","Petroica macrocephala",15,174.1034746,-39.3236084,46
