"State","Stats_Code","Year","Jan","Feb","Mar","Apr","May","Jun","Jul","Aug","Sep","Oct","Nov","Dec"
"Auckland","rain",2010,"54.2","16.45","9.8","42.9","222.8","156.2","136.9","184","127.3","29.9","23.75","119.8"
"Auckland","rain",2011,"252.25","28.5","171","125.55","170.6","134","133.6","41.95","83.5","115.2","49.5","196.2"
"Auckland","rain",2012,"62.3","90.9","198.6","31.6","102.9","77.3","157.3","159.2","112.5","59","40.8","86.6"
"Auckland","rain",2013,"7.6","20.9","35.6","114.3","241.1","159.6","42.3","154.8","161.1","35.15",NA,"131.2"
"Auckland","rain",2014,"41.5","31.2","33.5","97.5","60.7","194.6","140.8","169.8","169.8","97.1","64.5","107.2"
"Auckland","rain",2015,"12.1","43.4","71.5",NA,"134.4","81","139.1","153.6","112.3","42.9","79.5","45.8"
"Auckland","rain",2016,"137.5","154.2","25.8","57.2","123.2","119.3","167.8","161.5","177.4","89.6","100.4","31.6"
"Auckland","rain",2017,"36","86.6","282.5","249.8","114.4","111.3","175.2","125.3","126.8","66.4","37.3","9.8"
"Auckland","rain",2018,"117.7","200.5","88","203.65","112.1","219.2","119.8","117.1","66.5","74.55","86.7","201.3"
"Auckland","rain",2019,"19.3","37","49","82.3","55.8","72.6","135.3","162.8","137.4","46",NA,"54.9"
"Auckland","rain",2020,"8.2","9.5","33.2","29.8","140.4","134.7","108","156.5","49.4",NA,"113.4","23.6"
"Auckland","soil_moisture",2010,"10.3","10.5","8.1","8.3","16.4","37.1","40.1","44.5",NA,NA,NA,NA
"Auckland","soil_moisture",2012,NA,"21.1","38.9","40.3","44.7","49.5","50.4","51","50.4","47.2","36.9","34.6"
"Auckland","soil_moisture",2013,"20.9","11.3","8.8","13.7","33","40.2","39.6","44.1","44.7","33.9","22.2","22.5"
"Auckland","soil_moisture",2014,"17.3","16.8","15.6","18.5","28","37.1","42.4","42.5",NA,NA,"40.5","32.7"
"Auckland","soil_moisture",2015,"14.6",NA,"14.9","26","40.1","43.6","47.8","50.2","51","43.6","37.6","29.2"
"Auckland","soil_moisture",2016,"40.5","33.2","38.3","41.8","44","50.1","50.9","50.9","51","51","50.1","34.4"
"Auckland","soil_moisture",2017,"18.7","22.3","37.1","45.5","48.3","50.7","51.7","51.1","51.6","48.8","38.1","16.4"
"Auckland","soil_moisture",2018,"26","43.1","41.3","44","49","50.1","50.6","50.5","50.6","47.4","44.9","47.1"
"Auckland","soil_moisture",2019,"24.5","15.9","15.7","24.4","30","42.1","50.5","50.1","49.7",NA,"32.7","18.4"
"Auckland","soil_moisture",2020,"13.6","11.4","11.1","12.5","21.8",NA,"49.7","50.4","49","45.1","42.3","28.8"
"Auckland","temperature",2010,"19.15","20.75","18.55","16.15","14.05","11.85","10.3","12.1","13.3","13.5","15.95","19.65"
"Auckland","temperature",2011,"19.85","20.65","18.3","15.95","14.85","12.85","11.2","10.25","11.65","14.7","15.7","17.7"
"Auckland","temperature",2012,"18.3","19.05","17.3","16.2","13","11.3","10.9","11.95","12.85","13.8","14.8","18.8"
"Auckland","temperature",2013,"19.5","19.15","18.8","17","13.65","11.85","10.7","12.3","13.2","14.35","16.75","17.8"
"Auckland","temperature",2014,"18.35","19.6","17.7","17.25","13.6","12.95","10.55","11.2","13.05","14.05","14.9","17.65"
"Auckland","temperature",2015,"20.1","19.5","19.2","16.5","13.45","12.15","10.35","11.1","12.2","14.1","15.75","17.65"
"Auckland","temperature",2016,"20.35","21.15","19.35","16.6","15.7","12.4","11.4","11","13.45","14.45","15.85","17.15"
"Auckland","temperature",2017,"18.6","19.95","18.8","17.1","13.4","11.55","10.5","12.15","13","14.8","16.15","19.5"
"Auckland","temperature",2018,"21.65","20.4","19.2","16.4","14.05","11.4","10.75","11.5","12.55","13.55","15.65","18.35"
"Auckland","temperature",2019,"20.5","20","19.2","15.25","14.4","11.3","11.7","11.7",NA,NA,"16.75","18.4"
"Auckland","temperature",2020,"19.15","20.6","18.2","15.9","13.95",NA,NA,"12.15","12.8","15.2","16.9","18.1"
"Auckland","wind",2010,"4.3","3.95","4.6","3.35","4","4.25","3.4","4.4","5.9","4.45","3.9","4.25"
"Auckland","wind",2011,"4.45","4","3.45","3.7","4.25","4","5.2","3.45","4.45","4.6","5.9","4.75"
"Auckland","wind",2012,"4.4","3.65","4.4","3.7","3.85","3.9","3.55","3.55","5.6","5.9","4.6","4.5"
"Auckland","wind",2013,"4.8","3.8","3.4","3.7","3.4","3.6","2.9","4.2","5.25","5.35","3.9","4.35"
"Auckland","wind",2014,"4.95","4.2","3.8","3.9","3.25","3.8","4.65","4.7","4.9","5.3","5.7","4.4"
"Auckland","wind",2015,"3.5",NA,NA,NA,NA,NA,NA,NA,NA,NA,NA,NA
"Auckland","wind",2016,"4.4","4.1","4.2","3.5","4.6","4","5.7","4.2","4.6","5.5","6.5","5.4"
"Auckland","wind",2017,"6.2","4","4.4","3.8","3.9","3.5","3.9","3.9","5.4","5.9","4.3","4.6"
"Auckland","wind",2018,"5.1","4.5","3.9","4.9","4.3","3.9","3.6","3.8","4.8","4.2","4.6","5.1"
"Auckland","wind",2019,"5.3","4.2","3.3","3.6","3.8","3.6","3.7","5.9","5.6","6.4","5.4","5.5"
"Auckland","wind",2020,"5.3","4.5","4.1","4","3.6","4.1","4.2","4.6","5.4","4.3","5.4","5.6"
"Bay_of_Plenty","rain",2010,"175.2","24.1","19.9","34","269.7","206.5","44.5","281.95","145.75","36.2","45","97.7"
"Bay_of_Plenty","rain",2011,"385.5","38.9","152.8","183.4","213.9","164.7","96.9","68.8","41.7","161.35","26.1","313.6"
"Bay_of_Plenty","rain",2012,"90.6","97.9","134.7","63.2",NA,"36.1","260.7","132.7","100.85","58.3","19.8","97.15"
"Bay_of_Plenty","rain",2013,"6.3",NA,"26.2","227.3","137.7","147.3","53.4","90.2","137.9","28.7","86.3","161.5"
"Bay_of_Plenty","rain",2014,"51.1","41","47.1","218.4","50.6","191.1",NA,NA,NA,"55.5","40.7","124.1"
"Bay_of_Plenty","rain",2015,"15.9","61.1","73","120","105.9","66.8","118.3","132.7","118.2","26.2","90.5","25.2"
"Bay_of_Plenty","rain",2016,"118.8","153","152","73.9","84.9",NA,"132.5","75.9","142.6",NA,"95.1","48.7"
"Bay_of_Plenty","rain",2017,"40","192.2","326.1","324.5",NA,"77","137.4","182.7",NA,"128.5",NA,"43.9"
"Bay_of_Plenty","rain",2018,"171.4","187.4","72.1","165.2","82","171.2",NA,NA,"42.9","76.1","112.8",NA
"Bay_of_Plenty","rain",2019,"30",NA,"52.5","80.6","56.2","57.8","154.4","86.7",NA,NA,NA,"105.4"
"Bay_of_Plenty","rain",2020,NA,"6.8",NA,"27.8","81.1","215.7","112.5",NA,"43.9","40.4","162.7","28.2"
"Bay_of_Plenty","temperature",2010,"18.35","20.2","17.5","14.95","12.45","10.15","8.7","10.5","12","13.05","15.9","18.75"
"Bay_of_Plenty","temperature",2011,"19.5","20.6","17.55","14.6","13.85","11.2","9.65","9.05","10.25","13.7","15.5","16.95"
"Bay_of_Plenty","temperature",2012,"18.25","18.15","16.55","15.1","11.2","9.15","9.25","10.4","11.35","12.55","14.05","18.3"
"Bay_of_Plenty","temperature",2013,"18.6","18.7","18.4","16.05","12.7","9.9","8.95","11.15","12.05","13.75","16.55","17.6"
"Bay_of_Plenty","temperature",2014,"17.65","18.9","16.95","16.35","12.05","11.55","9.15","9.6","12.3","13.15","14.5","17.1"
"Bay_of_Plenty","temperature",2015,"20.3","18.4","17.6","15.25","11.65","10.2","8.4","9.35","10.65","13.55","14.95","17.3"
"Bay_of_Plenty","temperature",2016,"19.55","20.65","18.5","15.4","14.4","10.9","9.45","9.5","12.35","13.65","15.4","16.8"
"Bay_of_Plenty","temperature",2017,"18.15","19.6","18.35","15.7","11.65","10.25","9.05","10.8","11.7","13.7","15.55","18.8"
"Bay_of_Plenty","temperature",2018,"20.95","19.9","18.6","15.05","12.8","10.1","9.3","10.25","11.5","13.1","15.4","18.3"
"Bay_of_Plenty","temperature",2019,"20.85","19.85","18.9","14.3","12.75","9.5","10.65","10.25","11.5","13.1","16.95","18.4"
"Bay_of_Plenty","temperature",2020,"19","20.5","16.9","14.8","12.1","11.75","9.65","10.7","11.55","14.25","16","17.55"
"Bay_of_Plenty","wind",2010,"3.9","3.15","3.85","3","3.05","3.5","3","3.4","5.05","4.1","3.45","4"
"Bay_of_Plenty","wind",2011,"4.1","3.1","3.25","3.35","3.55","3.2","4.25","3.1","3.65","3.9","5.15","4"
"Bay_of_Plenty","wind",2012,"4.25","3.15","4.05","3.2","3.35","3.3","3.15","2.65","4.35","4.9","4.2","3.8"
"Bay_of_Plenty","wind",2013,"4.1","3.4","3.1","3.5","2.95","3.25","2.65","3.5","4.5","4.65","3.7","4"
"Bay_of_Plenty","wind",2014,"4.4","3.7","3.55","3.3","2.8","3.4","3.8","4","4.05","4.5","4.9","3.75"
"Bay_of_Plenty","wind",2015,"3.25","3.4","2.9","3.15","2.9","4.15","3.3","2.8","3.55","4.35","4.25","4.25"
"Bay_of_Plenty","wind",2016,"3.9","3.6","3.45","2.55","3.4","3.3","4.25","3.1","3.9","4.1","5.25","4.3"
"Bay_of_Plenty","wind",2017,"4.95","3.3","3.8","2.9","3.4","3","3.2","2.95","4","4.4","3.65","3.7"
"Bay_of_Plenty","wind",2018,"3.7","3.6","3.4","3.95","3.2","3.4","3.1","3.1","3.8","3.4","3.65","3.9"
"Bay_of_Plenty","wind",2019,"4.5","3.75","2.9","3.2","3.1","2.9","3.3","4.4","4.45","4.9","4.15","4.45"
"Bay_of_Plenty","wind",2020,"4.3","3.65","3.35","3.25","3.05","3.5","3.5","3.5","4.75","3.5","4.35","4.4"
"Canterbury","rain",2010,"34.6","20.7","26.6","30.4","167.4","79.35","56","91.1","26.8","20.9","42.6","42"
"Canterbury","rain",2011,"52.5","55.45","60.5","69.4","59.25","25.05","21.1","44.1","26.4","77.7","78.4","54.4"
"Canterbury","rain",2012,"54.3","64.1","35.7","23.6","10.8","63.5","90.45","116.9","29.1","65.2","52.6","24.6"
"Canterbury","rain",2013,"46.4","22.1","23.7","53.75","54.9",NA,"29.3","35.9","30.6","48","30.4","59.1"
"Canterbury","rain",2014,"16.3","37.7","75","134.4","34.4","57",NA,"16.1","29.1","23.9","38.8","22.7"
"Canterbury","rain",2015,"17.5","12.4",NA,"63.4","9.9","71.5","29.7","46.2","46.2","14.4","18.5","49"
"Canterbury","rain",2016,"102.9","13.2","46.5","16.6","86.6","21.8","25.3","44.2","21.8","69.3","66.9","53.4"
"Canterbury","rain",2017,"58.3","26.6","74.5","132.6","29.8","30",NA,"51.3","52.3","55.6","4.8","49.4"
"Canterbury","rain",2018,"98.3",NA,"41.8","132.5","33.7","66.3","16.4","23.5","28.6","66.3",NA,"69.4"
"Canterbury","rain",2019,"34.1",NA,"22.4","49.3","67.6","21.5","76.3","46.7","42.35","57","41","53"
"Canterbury","rain",2020,"4","32.6","45.8","16.1","24.7","72.9","35.7","26.5","28.5","30.8","64.7","50.6"
"Canterbury","sunshine",2010,"174.1","201.2","195.4","166.9","109.8","89.5","127.9","86.7","175.9","244.6","264.3","204.2"
"Canterbury","sunshine",2011,"209","197.6","201.5","141.3","116","81.9","153.2","173.5","197.2","141.1","232.4","184.5"
"Canterbury","sunshine",2012,"232.8","150.3","189.1","206.4","144.7","128.1","116.9","121.2","183.7","212.2","218.4","231.4"
"Canterbury","sunshine",2013,"292.3","233.4","159.6","121.4","131.1","93",NA,"123.1","173.8","208.6","166.2","203.5"
"Canterbury","sunshine",2014,"243.9","194.6","191.7",NA,"146.7",NA,"119.2","169.4","183.9","211.3","253.8","204"
"Canterbury","sunshine",2015,NA,NA,NA,"132.3","172.6",NA,"134.4","142","150.6","231.8","239.4","245.7"
"Canterbury","sunshine",2016,"155.7","232.9",NA,NA,NA,"137.2","163.8","164.7","113.7","193.2","216.3","189.6"
"Canterbury","sunshine",2017,"247.8","196.8","143.2",NA,"133.7","96.2","93.4","153.2","120.6","211.1","236.6",NA
"Canterbury","sunshine",2018,"220.8","181.2",NA,NA,"130.7",NA,"156","150.2",NA,"208.4","212.4","156"
"Canterbury","sunshine",2019,"250.8","247.9","172.8","148.3","156.9","155.6","116.6","213","200.1","215.4","235.3","260.3"
"Canterbury","sunshine",2020,"248.8","182.6","168.8","218.1","157.9","89",NA,"177.8","259.6","215.9","180.5","235.9"
"Canterbury","temperature",2010,"16.15","16.4","14.9","12.75","9","5.6","5","7.65","9.65","10.6","14.3","16.95"
"Canterbury","temperature",2011,"16.45","16.15","14.55","10.75","10.5","7.15","5.3","6.25","8.1","10.6","12.4","15"
"Canterbury","temperature",2012,"15.4","15.35","12.95","11.25","8.05","5.2","5.4","8.25","9.3","10.6","11.4","16.35"
"Canterbury","temperature",2013,"16.75","16.2","15.5","12.1","8.8","6.3","7.1","8.4","8.7","11.65","13.45","15.85"
"Canterbury","temperature",2014,"15.5","16.55","13.4","12.05","9.05","6.95","6","6.5","8.35","10.55","12.8","15.3"
"Canterbury","temperature",2015,"17.4","15.95","14.9","12.3","8.9","6.2","5.25","6.05","8.2","11.7","12.8","14.85"
"Canterbury","temperature",2016,"15.85","18.5","15.35","11.8","10.9","7.45","6","5.9","9.65","11.2","13.25","14.95"
"Canterbury","temperature",2017,"16","16.2","14","11.8","7.45","6.1","5","7.9","10","11.35","13.85","17.25"
"Canterbury","temperature",2018,"19.1","16.45","15.3","11.25","8.8","6.75","6.6","7.15","8.5","10.7","12.75","15.65"
"Canterbury","temperature",2019,"18.1","16.75","16.4","11.1","9.75","5.85","7","6.85","8.55","10.25","14.9","15.5"
"Canterbury","temperature",2020,"16.65","17.35","13.55","11.85","9","6.55","6","8.25","9.45","12.05","13.55","14.8"
"Canterbury","wind",2010,"3.95","3.2","3.4","2.85","3.15","2.75","2.2","3.1","3.8","3.65","3.45","3.95"
"Canterbury","wind",2011,"3.95","3.75","3.45","2.9","2.6","2.55","3","2.95","3.05","3.8","3.8","3.65"
"Canterbury","wind",2012,"3.6","3.55","3.45","2.45","2.55","3.05","2.25","2.85","3.55","3.8","3.5","3.7"
"Canterbury","wind",2013,"4","3.4","2.9","2.7","2.85","2.9","2.65","2.9","3.25","3.8","3.65","3.35"
"Canterbury","wind",2014,"4.3","3.5","3.45","3.2","2.7","2.15","3","3.05","3.05","3.65","4.35","3.85"
"Canterbury","wind",2015,"3.8","3.9","3.6","3.45","2.85","3.1","2.95","2.8","3.25","4.05","4.05","3.75"
"Canterbury","wind",2016,"3.5","3.4","3.35","2.6","3.35","2.45","2.7","2.75","3.4","3.45","3.95","3.75"
"Canterbury","wind",2017,"4.4","3.5","3.05","2.8","2.4","2.4","2.9","2.75","3.6","3.3","3.3","3.75"
"Canterbury","wind",2018,"3.5","3.75","3.05","3.35","2.8","2.3","2.55","2.5","2.95","3.2","3.65","3.45"
"Canterbury","wind",2019,"3.85","3.6","3.05","3.15","2.5","2.65","2.6","2.9","3.25","3.4","3.65","4.4"
"Canterbury","wind",2020,"3.75","3.75","3.7","2.95","2.45","2.7","2.45","2.7","3.5","3.4","3.75","3.75"
"Chatham","rain",2012,NA,NA,NA,"29.7","141.0","124.2","68.3","70.9","54.3","53.4","58.4","52.8"
"Chatham","rain",2013,"91.5","87.6","46.0","55.0","121.2","51.8","43.8","48.6","86.4","68.2","39.4","106.2"
"Chatham","rain",2014,"120.2","103.0","68.0","97.8","34.2",NA,"83.2","94.0","59.0","52.6",NA,"26.4"
"Chatham","rain",2015,"18.2",NA,"138.0","98.0","78.8","120.0","82.0","59.8","74.4","41.8","41.6","60.0"
"Chatham","rain",2016,"53.0","39.4","36.6","57.4",NA,"97.6","69.8",NA,"60.4","67.4",NA,"55.4"
"Chatham","rain",2017,NA,"28.6","64.4",NA,NA,"110.8",NA,NA,NA,NA,NA,NA
"Chatham","rain",2018,NA,"81.8","92.8",NA,NA,NA,"91.2","106.2","72.4","64.8","39.8","71.2"
"Chatham","rain",2019,"21.0","50.6","25.6","62.2",NA,NA,NA,NA,"75.0",NA,"32.2","90.4"
"Chatham","rain",2020,"32.2","35.6",NA,"38.6","59.2",NA,NA,"99.0","51.8",NA,NA,"86.0"
"Chatham","temperature",2012,NA,NA,NA,"13.7","10.7","8.4","8.2","9.1","10.5","11.6","11.7","15.1"
"Chatham","temperature",2013,"16.2","16.2","15.0","14.4","11.1","10.1","9.0","10.1","10.7","12.3","14.1","16.0"
"Chatham","temperature",2014,"15.6","16.8","14.9","14.3","11.1","9.7","9.1","8.7","10.1","10.9","12.6","13.5"
"Chatham","temperature",2015,"16.2","15.9","15.6","12.9","10.6","8.4","7.2","8.3","9.1","11.0","11.8","13.4"
"Chatham","temperature",2016,"15.1","17.5","15.1","13.0","11.5","10.7","8.1","8.0","10.5","12.7","13.7","14.4"
"Chatham","temperature",2017,"15.1","15.8","15.6","13.8","10.7","9.3","9.0","10.6","11.4","11.3","13.7","16.0"
"Chatham","temperature",2018,NA,"17.9","16.4","13.3","12.0","9.3","9.4","10.5","11.1","11.6","13.7","15.3"
"Chatham","temperature",2019,"17.2","17.3","16.8","14.6","12.2","10.1","10.1","8.9","9.9","11.1","14.1","17.4"
"Chatham","temperature",2020,"16.0","16.4","14.9","13.0","11.3","10.8","8.8","9.9","10.6","11.5","14.5","15.2"
"Chatham","wind",2012,NA,NA,NA,"4.9","5.8","6.0","4.7","5.5","6.3","7.1","7.0","6.6"
"Chatham","wind",2013,"6.2","5.3","4.7","5.8","6.3","6.2","5.4","6.5","6.3","6.5","6.5","7.1"
"Chatham","wind",2014,"7.3","6.1","6.2","5.6","5.7","5.2","6.9","6.6","6.3","6.8","7.2","5.9"
"Chatham","wind",2015,"6.1","5.6","5.8","6.3","7.2","7.4","6.3","5.7","7.0","7.5","6.5","7.1"
"Chatham","wind",2016,"7.1","5.3","5.6","6.3","5.5","6.3","6.8","5.6","6.0","6.1","6.9","6.9"
"Chatham","wind",2017,"7.1","5.9","5.7","5.8","6.0","5.7","5.1","5.3","6.1","5.7","5.4","6.4"
"Chatham","wind",2018,"6.1","6.5","5.7","6.5","5.9","4.9","6.1","5.8","7.7","6.7","7.0","6.2"
"Chatham","wind",2019,"6.3","6.2","5.8","6.4","6.3","5.7","5.9","6.5","6.7","6.1","6.4","7.1"
"Chatham","wind",2020,"6.6","6.6","5.9","5.7","4.8","5.1","5.8","6.0","7.0","6.6","6.8","6.7"
"Gisborne","rain",2010,"226.1","35.7","41.3","63.8","165.7","162.2","178.35","171.1",NA,"196.45","25.5","67.5"
"Gisborne","rain",2011,"119.7","55.4","191.05","160.7","183.5","153.5","157.5","67.3","27.7","68.1","47.2","69.3"
"Gisborne","rain",2012,"82.4",NA,"204.85",NA,NA,"75.5","187","127.6","59.3","35.4","92.65","52.75"
"Gisborne","rain",2013,"15.75","22.1","25.7","82.65","103.35",NA,"154.9",NA,"149.1","19.7","83.2","73.4"
"Gisborne","rain",2014,"77.6","33","37","147.2","41.3",NA,NA,NA,NA,NA,"40.7","167.4"
"Gisborne","rain",2015,"51.8","17.2",NA,NA,NA,NA,"87","97.2","130.1","64.6",NA,"12.4"
"Gisborne","rain",2016,"92.8","56.1","56.6","80.8","73.6",NA,"107",NA,"100.4","91.7",NA,NA
"Gisborne","rain",2017,"10.4",NA,NA,NA,NA,NA,"176","74.2","152.6","63","49.7","45.6"
"Gisborne","rain",2018,"98.5","92.7",NA,NA,NA,"188.2","66.6","221.6","119.4",NA,"102","175.6"
"Gisborne","rain",2019,"49.9","83.3","58.1","117.9",NA,NA,NA,"83.8","92.6","90.8","51.3","65.4"
"Gisborne","rain",2020,"24.6",NA,"74.4","45","80.4",NA,NA,"118","35.2","40.2",NA,"15.9"
"Gisborne","soil_moisture",2010,"27.6","31.9","24.3","31.7","39.8","45.7","47.8","46","42.3","36.4","31.5","24.4"
"Gisborne","soil_moisture",2011,"27.1","30.6","40.2","42.9","46.6","45.7","47","45.9","39.6","29.1","28.2","24.2"
"Gisborne","soil_moisture",2012,"26","29","34.4","46.6","42.3","42.7","47.3","49","39","28.4","31.6","24.7"
"Gisborne","soil_moisture",2013,"22.2","20.4","20.1","25.2","30.1","38.1","39.8","44.7","44.3","31.1","28.7","27.7"
"Gisborne","soil_moisture",2014,"23.4","23.3","24","35.6","33.3","42.1","40","43.9","48.3","38.2","30.1","30.1"
"Gisborne","soil_moisture",2015,"26.8","26.8","28.3","29.5","33","39.5","42.6","45.6","45.7","37.1","43","31.6"
"Gisborne","soil_moisture",2016,"29.8","30.4","32.6","41.1","36.3","39","45.3","46","46.4","46.3","37.1","28.1"
"Gisborne","soil_moisture",2017,"24.3","30.5","36.6","44","45","45.5","48.8","46.3","44.7","38.9","31.1","26.9"
"Gisborne","soil_moisture",2018,"27.5","28.5","28","30.3","36.9","43.8","42.6","44.2","46.7","36.3","35.3","43.1"
"Gisborne","soil_moisture",2019,"35.1",NA,"31.8","41.4","38.4","40.5","44.3","43.8","43.2","37.3","33.9","30"
"Gisborne","soil_moisture",2020,"26.6","23.8","24.3","27.1","28.2","40.4","43.2",NA,"41.1","32.7","37.7","32.2"
"Gisborne","temperature",2010,"18.4","19.8","18.1","16.1","14.5","12.1","11","12.6","13.3","13.1","15.1","18"
"Gisborne","temperature",2011,"19.1","20.6","18.6","16.4","15.6","13.3","11.7","11","11.9","14.5","15.8","17"
"Gisborne","temperature",2012,"18.5","18.5","17.2","16.4","13.2","11.6","11.9","12.4","12.5","13.8","14.8","18.3"
"Gisborne","temperature",2013,NA,"19.9","19.4","17.9","14.35","12","10.75","12.35","13.55","15.1","16.85","18.7"
"Gisborne","temperature",2014,"19.05","19.65","18.05","17.3","13.9","12.85","10.75","10.95","12.9","14.2","15.55","17.7"
"Gisborne","temperature",2015,"20","19.35","18.9","16.35","13.2","11.8","10.2","11.05","12","15.05","15.8","17.45"
"Gisborne","temperature",2016,"20.2","21.2","19.15","16.55","16.1","12.55","11.25","11.25","13.35","15.1","16.75",NA
"Gisborne","temperature",2017,"19.5","20.4","19.3","16.95","13.15","11.6","10.45","12.2","13.1","14.45","15.7","18.65"
"Gisborne","temperature",2018,"21.5","21.15","19.3","16.2","14.05","11.5","10.95","11.7","12.55","14.3","16","18.5"
"Gisborne","temperature",2019,"21.05","19.95","19.35","15.85","14.4","11.15","12.05","11.4","12.6","14.3","17.5","18.55"
"Gisborne","temperature",2020,"19.85","21.3","17.8","16.2","13.7","12.9",NA,"12.05","13.4","15.5","17.1","18.35"
"Gisborne","wind",2010,"5.8","5.5","6.6","6.2","6.5","6.6","6.1","6.8","8.8","7.2","6.2","6.8"
"Gisborne","wind",2011,"7.2","6","6.8","6.6","7.1","6.4","8","5.6","6.3","6.3","7.1","6.4"
"Gisborne","wind",2012,NA,NA,NA,NA,NA,NA,NA,NA,NA,NA,NA,"4.6"
"Gisborne","wind",2013,"4.85","4.1","4.4","4.3","4.3","4.3","3.8","4.7","5.55","5.4","4","4.1"
"Gisborne","wind",2014,"5.05","4.1","3.85","4.15","4.75","4.85","4.7","4.95","5.05","5.5","5.25","4.1"
"Gisborne","wind",2015,"3.6","4.05","3.45","4.2","4.5","5.45","4.25","4.55","4.4","5.2","4.8","3.8"
"Gisborne","wind",2016,"4.35","4","3.85","3.8","5.1","4.55","5.55","4.2","4.95","4.45","5.2","3.8"
"Gisborne","wind",2017,"4.85","4.1","4.15","3.9","4.05","3.7","3.95","4.5","4.9","4.1","4","3.7"
"Gisborne","wind",2018,"3.7","4.45","3.95","4.5","4.55","4.45","4.55","4.4","4.15","4.35","3.95","3.55"
"Gisborne","wind",2019,"3.8","4.4","3.7","4.1","4.3","3.65","4.2","5.05","4.95","4.8","4.45","5.15"
"Gisborne","wind",2020,"4.25","3.95","4.4","4.1","4.65","4.7","4.35","4.65","6.2","4.75","4.1","4.55"
"Hawkes_Bay","rain",2010,NA,"19.3","16.8","30.25","127.9","112.85","103.8","90.9","33.3","92.5","24.75","23.85"
"Hawkes_Bay","rain",2011,"149.3","33.95","104.3",NA,"44.35","78.35","147.8","72.45","27.4","63.2","35.4",NA
"Hawkes_Bay","rain",2012,NA,NA,NA,"77.95","100.6","53.1","179.4","76.6","22.9","24.2","97.8","30.8"
"Hawkes_Bay","rain",2013,"34.65","24.3","20.3","75.45","68.85",NA,"115.5",NA,NA,"21.2",NA,NA
"Hawkes_Bay","rain",2014,"57.3","42","57.9",NA,NA,NA,"102.3","109.3","107.6",NA,"18.2","72.1"
"Hawkes_Bay","rain",2015,"29.6","27.7","100.4","63.8","31.4","41.5",NA,"48.9","124.4",NA,"97.5","31.8"
"Hawkes_Bay","rain",2016,NA,"12","62.8","42","12.3",NA,"31.7",NA,"94.2","66.4",NA,"27.1"
"Hawkes_Bay","rain",2017,"9.4",NA,NA,NA,"104.2","100","171.7","72.3","103",NA,"26.9","94.4"
"Hawkes_Bay","rain",2018,"41.1",NA,"145.3",NA,NA,NA,NA,"75.4",NA,"28.1","87.7",NA
"Hawkes_Bay","rain",2019,NA,"41.7",NA,NA,"23.5",NA,NA,"53.6","74.9",NA,"24.3","95.55"
"Hawkes_Bay","rain",2020,"40.3","10.4","54.1","17.5",NA,NA,NA,NA,"54.4","46.7",NA,NA
"Hawkes_Bay","temperature",2010,"18.55","18.95","17.65","15.15",NA,"10.4","9.3","11.05","12.95","12.5","14.65","18.2"
"Hawkes_Bay","temperature",2011,"18.85","19.95","17.1","14","14.15","11.3","9.7","9.35","10.9","13.55","15.2","15.9"
"Hawkes_Bay","temperature",2012,NA,"17.3","16.2","14.85","11.55","10.05","9.85","10.8","11.7","13.75","13.9","18.65"
"Hawkes_Bay","temperature",2013,"18.8","17.75","17.45","16.35","12.75","10.8","10.25","11.55","13.05","14.9","16.1","18.1"
"Hawkes_Bay","temperature",2014,"18.55","18.45","16.75","16.35","13.05","11.95","9.85","10","11.9","13.45","15.4","17.05"
"Hawkes_Bay","temperature",2015,"18.85","18.1","18","15.35","12.45","10.9","9.05","10.15","10.65","14.05","14.75","16.6"
"Hawkes_Bay","temperature",2016,"19.15","20.4","17.95","15.35","15.15","11.55","10.5","10.1","12.1","14.3","16.55","17.3"
"Hawkes_Bay","temperature",2017,"19.65","19.4","17.9","15.85","12.3","10.7","9.55","11.25","12.7","13.85","15.25","18.05"
"Hawkes_Bay","temperature",2018,"20.85","20.4","18.1","15.35","13.45","10.4","10.3","10.7","11.9","13.55","15.65","17.95"
"Hawkes_Bay","temperature",2019,"20.85","19.2","18.5","14.7","13.7","10.45","10.8","10.6","11.9","13.4","16.9","18.25"
"Hawkes_Bay","temperature",2020,"18.75","20.5","16.9","15.3","12.75","11.9","9.85","10.75","12.55","14.35","16.05","17.55"
"Hawkes_Bay","wind",2010,"4.4","3.65","4.25","3.5","3.7","4.3","3.95","3.95","5.2","4.5","3.75","4.4"
"Hawkes_Bay","wind",2011,"4.35","3.55","3.85","4","4","3.95","5","3.85","3.95","4.25","4.85","4.5"
"Hawkes_Bay","wind",2012,"4.4","3.6","4.45","3.7","4.35","4.7","4.05","3.6","5","5.05","4.25","4.4"
"Hawkes_Bay","wind",2013,"4.2","3.8","3.45","3.9","3.4","4","3.6","3.95","4.8","4.7","4.15","4.1"
"Hawkes_Bay","wind",2014,"4.9","4.3","3.95","4","3.8","3.7","5.3","5","4.5","4.75","5.15","4.45"
"Hawkes_Bay","wind",2015,"3.6","4","4","4.2","4.25","5.25","4.95","4.3","4.65","4.4","4.55","4.25"
"Hawkes_Bay","wind",2016,"4.5","4.1","4.2","3.4","4.15","3.9","5.2","4","4.55","4.6","5.05","4.45"
"Hawkes_Bay","wind",2017,"5.35","3.75","3.65","3.5","4.15","3.75","4.35","4.05","4.7","4.35","4.45","4.7"
"Hawkes_Bay","wind",2018,"4.25","4.3","4","4.3","4.4","4.3","4.3","4.1","4.5","3.9","4.55","4.15"
"Hawkes_Bay","wind",2019,"4.25","4.15","3.4","4.3","4.15","4.2","3.95","5","4.7","4.8","4.2","4.75"
"Hawkes_Bay","wind",2020,"4.05","4.2","3.85","3.65","3.45","3.95","4.35","3.9","5.3","3.65","4.6","5"
"Manawatu_Whanganui","rain",2010,"75","35.2","40.6","33.4","51.4","102.2","40","105","260.8","34","34.2","66.6"
"Manawatu_Whanganui","rain",2011,"71","49.8","112.6","110.6","86.2","98.6","110.6","52.6","36.8","145.6","134.2","87.4"
"Manawatu_Whanganui","rain",2012,"87","80.2","48.8","28.2","62.2","93.4","116.2","89.9","59.2","64.2","20.2","100.2"
"Manawatu_Whanganui","rain",2013,"29","34","37.2","128.2","50.8","84.2","37.2","44.4","108.4","107.6","52","59.4"
"Manawatu_Whanganui","rain",2014,"51.6","19.5","8.8","102.8","83.4","68","14.6","64.6","66","54.2","81.2","79.2"
"Manawatu_Whanganui","rain",2015,NA,NA,NA,NA,NA,NA,NA,NA,NA,NA,"104.4","39.5"
"Manawatu_Whanganui","rain",2016,"87.2","91","60.2","40","249.7","129.4","148","105.4","101.6","102.2","151.5","44.25"
"Manawatu_Whanganui","rain",2017,"101.4","85.2","106.1","228.3","150.4","36.3","154.9","119.6","189.5","76.1","64","54.6"
"Manawatu_Whanganui","rain",2018,"111.3","117.4","106.6","104.4","185","118",NA,NA,NA,NA,"90.7",NA
"Manawatu_Whanganui","rain",2019,NA,"41.1","59.9","110.8","110.7","99.1","162",NA,"84.4","108.6","96","125.8"
"Manawatu_Whanganui","rain",2020,"28.4","22.5","51.3","83.9","86.5","111.5","104.9","87.2","154.8","77.2","135.7",NA
"Manawatu_Whanganui","soil_moisture",2014,"22","15.5","9.6","19.1","31.9","31.4","29.8","32.9","29.8","28.9","27.3","30"
"Manawatu_Whanganui","soil_moisture",2015,NA,NA,NA,NA,NA,NA,NA,NA,"29.8",NA,"26.9","25.95"
"Manawatu_Whanganui","soil_moisture",2016,"23.65","20.25","22.1","24.9","29.85","31.05","31.6","31.35","30.9","30.35","30.65","27.35"
"Manawatu_Whanganui","soil_moisture",2017,"26.45","28.75","29","34.35","36.3","35.65","37.55","37.35","37.4","36.15","28.95","24"
"Manawatu_Whanganui","soil_moisture",2018,"28.25","27","29.15","32","34.5","36.45","38","38.35","36.9","34.05","33.5","34.35"
"Manawatu_Whanganui","soil_moisture",2019,"30.65","23.05","24.7","26.2","30.85","35.65","36.7","37.4","36.3","37.15","35.7","33.9"
"Manawatu_Whanganui","soil_moisture",2020,"28.3","23.2","22.9","28.55","33.6","35.85","36.65","35.95","37.65","36.15","36.2","36.6"
"Manawatu_Whanganui","sunshine",2010,"185.8","170.9","156.6","155.4","125.3","83.9","130.4","103.1","108.4","157","213.8","151.2"
"Manawatu_Whanganui","sunshine",2011,"204","178.8","186.9","120.2","99","77.7","109.2","94.8","137","105.2","133.1","197.2"
"Manawatu_Whanganui","sunshine",2012,"162","148.2","159.5","197.9","132","108.7","107.7","121.6","140.4","134.6","186","186.3"
"Manawatu_Whanganui","sunshine",2013,"248.5","252.4","242.4","113.2","130.9","87.1","87.6","126.7","122.3","123","171.4","179.8"
"Manawatu_Whanganui","sunshine",2014,"203.4",NA,"192.5","110.1","113.4","119.1","124.8","141.3","130.2","169","149.9","168.8"
"Manawatu_Whanganui","sunshine",2015,"289.6","204.5","196.8","141","119.3",NA,"111.5","110.7","146.8","137.2","156.9","185.1"
"Manawatu_Whanganui","sunshine",2016,"213.1","209.9","174.1","180.5","83.8",NA,"119.7","141.8","93.4","118","90.3",NA
"Manawatu_Whanganui","sunshine",2017,"131.1","165.3","134.1","129.6","111.6",NA,"98.4","126.9","108.1","122.6","218.3","250.2"
"Manawatu_Whanganui","sunshine",2018,"183.9","142.6",NA,NA,"100.8","80.8","101.9","109.4","149.3","131.7","157.5","159.1"
"Manawatu_Whanganui","sunshine",2019,NA,NA,"216","134.1",NA,"111.8","105.5","123.9","107.1","131.7","220.4","207.1"
"Manawatu_Whanganui","sunshine",2020,"188.1",NA,"173.2","180.7","150.2","88.9","120.6","121.7","140.4","148.7","97.8","148.6"
"Manawatu_Whanganui","temperature",2010,"17.3","18.8","16","13.9","11.9","9.5","8.3","10.3","11.6","12.3","14.8","18.1"
"Manawatu_Whanganui","temperature",2011,"18.1","19.3","16.2","13.3","13.5","10.8","8.4","8.3","10","13.3","14.2","17"
"Manawatu_Whanganui","temperature",2012,"16.8","16.9","15.4","14.3","9.7","8.4","8.9","10.3","10.8","11.9","12.9","17.7"
"Manawatu_Whanganui","temperature",2013,"17.8","18.2","17.5","15.2","11.4","10","9.9","11.1","11.6","13.5","16.1",NA
"Manawatu_Whanganui","temperature",2014,NA,NA,"16.3","16","12","11.4","8.2","9.3","12","12.8","13.5","16.8"
"Manawatu_Whanganui","temperature",2015,NA,NA,NA,NA,NA,NA,NA,NA,"10",NA,"13.95","15.95"
"Manawatu_Whanganui","temperature",2016,"18.95","20.65","17.8","14.5","13.25","9.9","8.5","8.9","12.2","13","14.35",NA
"Manawatu_Whanganui","temperature",2017,"16.55","18.5","17.55","14.45","10.6","8.6","8.6","10","10.7","12.85","14.8","17.85"
"Manawatu_Whanganui","temperature",2018,"20.95","18.75","16.85","13.45","11.05","8.2","8.3","9.5","10.3","12.1","14.35","17.4"
"Manawatu_Whanganui","temperature",2019,NA,NA,"17.95","13",NA,"8.2","9.4","9.1","10.8","12.35","15.75","17"
"Manawatu_Whanganui","temperature",2020,"17.95","19.35","16.15","13.75","11.05","10.95","8.9","9.95","10.95","13.7","15.35","16.5"
"Manawatu_Whanganui","wind",2010,"3.7","3.3","3.7","3.1","2.4","2.6","2.5","2.4","4.8","3.9","3.2","3.9"
"Manawatu_Whanganui","wind",2011,"4.2","3.8","3","2.9","3","2.5","3.5","2.6","3.2","3","4.7","3.1"
"Manawatu_Whanganui","wind",2012,"4.2","3.5","3.6","3.1","2.3","2.7","2.9","2.5","3.6","4.5","3.7","3.9"
"Manawatu_Whanganui","wind",2013,"4","3.1","2.8","3.4","2.4","2.6","2.9","3.2","3.9","4.2","3.6","3.5"
"Manawatu_Whanganui","wind",2014,"4.2","3.9","3.3","3.2","2.9","3","2.9","3.1","3.6","4.2","5.2","3.8"
"Manawatu_Whanganui","wind",2015,NA,NA,NA,NA,NA,NA,NA,NA,"2.25",NA,"2.6","2.55"
"Manawatu_Whanganui","wind",2016,"2.4","2.25","2.25","1.65","2","1.55","2.4","1.85","2.45","2.25","2.7","2.35"
"Manawatu_Whanganui","wind",2017,"3.2","2.45","2.25","1.7","1.55","1.6","1.7","1.55","2.2","2.5","2.35","2.4"
"Manawatu_Whanganui","wind",2018,"1.95","2.5","2.05","2.3","1.9","1.8","1.8","1.55","2.35","1.95","2.4","2.25"
"Manawatu_Whanganui","wind",2019,"2.8","2.2","1.9","1.55","1.7","1.5","1.5","2.1","2.5","2.55","2.4","2.6"
"Manawatu_Whanganui","wind",2020,"2.6","2.35","2.1","1.8","1.6","1.95","1.85","1.8","2.75","2.2","2.4","2.6"
"Marlborough","rain",2010,NA,"7.9","42.1","3.8","182.2","190.25","63.9","98.1","119.5","28.6","24","97.25"
"Marlborough","rain",2011,NA,"17.1","34.2","57.2","117.2","59.5","39.4","47.2","29.8","94.85","42","97.05"
"Marlborough","rain",2012,"24.2","35.3","60","32.9","41.2","90.3","77.3","121","32.1","56","25.3","29.1"
"Marlborough","rain",2013,"60.4","25.7","29.6","100.5","89.7","119.6","33.3","62.9",NA,NA,NA,NA
"Marlborough","rain",2014,"82.8","17.6","32","156","25.8","106.2","19.6","26","40","21.2","21","43.6"
"Marlborough","rain",2015,"4.2","15.2","41.4","71.4","29","97.8","53.2","71","71.6","11.2","4.8","25"
"Marlborough","rain",2016,"97","27.8","58.6","24.8","117.6","74.4","50.6","36.8","40.6","79.2","96.8",NA
"Marlborough","rain",2017,"27.4","41.4","48.2","130","78","27.2","73.2","76.8","61.8","38",NA,"30.2"
"Marlborough","rain",2018,"94.8","199","70.2","68.2","105.2","41.2","81","69.8","38.6","37.2","65.6","57.4"
"Marlborough","rain",2019,"18.4","6","77.2","92.8","71.4","22.8","122.8","60.4","72.6","43.4","53.2","101.6"
"Marlborough","rain",2020,"2.8","16","12","18.6","80.6","76","24.2","61.2",NA,"32.4",NA,"31.8"
"Marlborough","soil_moisture",2010,"9.5","7.2","8.5","7.1","15.8","42.5","39.1","39.4","37.7","23.3","10.8","12.8"
"Marlborough","soil_moisture",2011,"10.2","7.2","7.8","10.5","20.7","25.5","30.3","33.2","24.2","28.7","19.3","13.5"
"Marlborough","soil_moisture",2012,"15.1","8.9","16.9","13.6","14.9","23","28.6","42.3","27.6","17.1","11","8.8"
"Marlborough","soil_moisture",2013,"12.1","8.9","9.1","13.5","26.3","35","33.3","31.6",NA,NA,NA,NA
"Marlborough","temperature",2010,"18.2","17.75","16.45","14.55","11","8.5","7.1","9.6","11.3","11.5","15.05","18"
"Marlborough","temperature",2011,"17.8","18.3","15.9","12.3","12.4","8.8","7","7.7","9.35","12.4","14.2","15.05"
"Marlborough","temperature",2012,"16.9","16.2","14.15","12.4","8.65","6.6","7.3","8.9","10.1","12","12.5","17.4"
"Marlborough","temperature",2013,"17.4","16.2","16.2","14","9.95","8.15","8.25","9.85",NA,NA,NA,NA
"Marlborough","temperature",2014,"16.9","17.4","15","14.2","10.7","9.8","6.6","8","10.9","12.4","14.5","17"
"Marlborough","temperature",2015,"18.7","17.1","16.7","13.6","10.3","8.1","6.7","8.4","9.2","13","14.4","15.9"
"Marlborough","temperature",2016,"18.7","19.7","16.8","13.3","11.8","9.2","7.7","7.5","11","13","14.9","16"
"Marlborough","temperature",2017,"18.2","17.8","16.1","13.4","9.5","7.8","7.1","9.3","11","13.1","14.5","18.3"
"Marlborough","temperature",2018,"20.6","18.1","16.3","12.7","10.4","7.8","8.1","9.2","10.3","12.8","14.7","17.3"
"Marlborough","temperature",2019,"20.4","18.5","17.4","12.5","11.8","7.5","8.7","7.7","10.3","12","16","16.3"
"Marlborough","temperature",2020,"17.4","19.3","15.1","13.3","10.2","9.1","7.7","9.5","10.9","13.5","14.9","16.1"
"Marlborough","wind",2010,"4.4","3.75","4.35","4.4","2.9","3.15","2.95","3.35","5.4","4.55","3.85","4.6"
"Marlborough","wind",2011,"4.75","4.1","3.85","3.5","3.2","2.6","4.15","3.55","3.7","3.7","4.75","3.7"
"Marlborough","wind",2012,"4.5","3.75","4.45","3.7","2.9","3.45","3.3","3","4.4","4.9","3.9","4.8"
"Marlborough","wind",2013,"4.8","3.35","3.75","3.95","2.95","3","4.05","3.7",NA,NA,NA,NA
"Marlborough","wind",2014,"4.5","4.1","3.4","2.7","3.5","3.3","2.8","3.1","3.6","4.7","5.6","4.3"
"Marlborough","wind",2015,"3.8","3.8","3.4","3.5","3.6","3.8","2.9","3.5","3.6","4.7","5.1","4.3"
"Marlborough","wind",2016,"4.4","4.1","3.4","3","3.6","2.9","4.1","2.7","3.5","4","4.5","4.4"
"Marlborough","wind",2017,"5.5","4","2.8","2.9","2.9","2.5","2.7","3.2","3.8","3.8","3.9","4.2"
"Marlborough","wind",2018,"3.1","3.9","3.4","3.4","3.3","2.8","3.5","2.6","3.4","3.7","4.2","3.2"
"Marlborough","wind",2019,"4.5","4.4","3.4","2.8","3.4","2.7","3.1","3.5","4","4.4","4.8","4.5"
"Marlborough","wind",2020,"3.8","4.6","3.4","3.7","2.6","2.7","2.8","3","5","4.5","3.6","4.4"
"Nelson","rain",2010,"95.3","29.8","42.3","29.4","160.2","154.6","26.4","130.8","117.2","6.8","22.8","192.5"
"Nelson","rain",2011,"53.2","18.9","52.1","85.4","269.5","144.5","65.6","15.7","31.2","201.1","65.5","464.0"
"Nelson","rain",2012,"13.7","83.4","46.6","58.2","34.4","175.2","84.9","147.4","150.8","73.3","20.3","33.8"
"Nelson","rain",2013,"140.9","32.0","57.6","245.9","107.3","162.8","21.1","71.4","104.3","83.3","45.3","65.2"
"Nelson","rain",2014,"76.6","30.0","102.9","169.4","60.2","155.6","39.4","19.5","66.3","22.8","9.8","108.9"
"Nelson","rain",2015,"10.3","26.6","79.8","116.6","36.6","112.9","78.9","44.4","58.6","24.5","20.8","40.0"
"Nelson","rain",2016,"138.6","85.3","148.3","38.0","152.0","131.0","80.3","74.9","45.9","178.0","111.5","65.9"
"Nelson","rain",2017,"74.9","25.7","103.2","179.9","121.6","58.2","133.5","118.0","84.2","85.6","24.7","9.3"
"Nelson","rain",2018,"233.3","233.7","146.3","80.5","96.7","31.1","98.1","144.3","29.4","99.7","29.1","75.8"
"Nelson","rain",2019,"8.0","5.9","118.2","34.7","110.7","38.2","173.3","84.7","120.7","96.5","66.9","155.1"
"Nelson","rain",2020,"3.7","29.6","39.3","41.4","71.4","74.6","64.8","96.3","80.4","49.4","212.2","90.0"
"Nelson","sunshine",2010,"229.1","226.2","235.3","206.1","132.5","133.6","175.7","174.5","175.2","295.7","259.5","230.8"
"Nelson","sunshine",2011,"264.7","265.9","236.8","152.5","155.2","117.3","174.0","247.0","249.8","172.3","252.5","199.0"
"Nelson","sunshine",2012,"264.7","194.3","211.6","247.6","189.3","159.0","140.7","147.1","203.5","261.9","292.9","272.5"
"Nelson","sunshine",2013,"306.1","257.4","233.6","160.7","169.4","127.4","175.7","138.4","190.7","203.7","227.0","244.4"
"Nelson","sunshine",2014,"266.5","256.5","235.7","131.2","183.4","129.3","158.7","196.8","191.9","255.7","276.7","203.5"
"Nelson","sunshine",2015,"317.7","254.2","213.5","167.3","183.1","142.9","185.3","140.4","208.4","264.1","254.0","270.4"
"Nelson","sunshine",2016,"239.2","265.2","250.1","247.0","134.3","137.7","175.1","197.1","168.9","223.3","208.6","251.2"
"Nelson","sunshine",2017,"242.0","226.3","184.0","152.8","187.0","165.8","124.6","145.7","173.2","211.3","225.7","309.8"
"Nelson","sunshine",2018,"215.1","214.3","193.5","168.7","155.4","155.6","143.3","161.9","211.1","224.6","237.5","213.4"
"Nelson","sunshine",2019,"333.3","273.7","180.8","215.8","183.4","153.0","131.8","203.4","193.8","242.5","240.5","253.5"
"Nelson","sunshine",2020,"276.8","254.2","205.2","213.3","173.7","124.4","148.1","176.6","216.6","180.0","165.6","241.7"
"Nelson","temperature",2010,"17.9","18.8","16.9","14.2","11.6","8.9","7.5","9.5","10.6","12.2","15.6","17.9"
"Nelson","temperature",2011,"18.6","19.1","16.2","13.4","13.7","10.3","7.3","7.7","9.9","12.9","14.6","16.5"
"Nelson","temperature",2012,"17.7","17.6","15.5","13.6","10.2","7.8","8.2","9.9","10.6","12.5","13.9","17.9"
"Nelson","temperature",2013,"17.7","17.8","17.3","14.6","11.1","-","8.2","10.2","11.4","13.4","16.2","17.7"
"Nelson","temperature",2014,"16.9","18.1","16.0","15.0","11.1","10.1","7.5","8.6","11.5","12.9","14.0","17.4"
"Nelson","temperature",2015,"19.2","17.8","17.5","14.4","10.7","8.8","7.4","8.5","10.3","13.8","14.2","16.8"
"Nelson","temperature",2016,"19.2","20.3","17.7","14.4","12.3","9.7","8.0","8.0","11.3","13.3","15.0","16.2"
"Nelson","temperature",2017,"17.5","18.2","17.4","14.3","10.4","8.8","8.1","9.6","11.3","13.8","15.5","19.4"
"Nelson","temperature",2018,"21.2","18.8","17.5","13.8","11.3","8.0","7.9","9.8","10.8","12.9","14.6","18.0"
"Nelson","temperature",2019,"20.7","18.6","18.0","13.7","12.3","8.2","8.7","8.6","10.5","12.3","15.3","16.5"
"Nelson","temperature",2020,"18.3","18.8","15.9","13.5","10.9","10.4","8.6","9.9","11.0","13.2","15.1","16.4"
"Nelson","wind",2010,"3.7","3.2","4.2","3.2","2.4","2.6","1.9","2.5","3.7","3.8","3.5","4.6"
"Nelson","wind",2011,"4.1","3.5","3.2","3.0","4.4","2.6","2.5","2.5","3.3","3.4","4.5","3.4"
"Nelson","wind",2012,"4.2","3.5","3.4","2.5","2.5","2.8","2.4","2.1","3.7","4.7","4.3","4.2"
"Nelson","wind",2013,"4.8","3.2","3.0","2.7","2.1","2.2","2.7","2.5","3.6","4.3","3.5","4.2"
"Nelson","wind",2014,"4.4","3.6","3.2","2.8","2.3","2.7","2.2","2.7","3.2","4.0","4.6","4.1"
"Nelson","wind",2015,"3.5","3.1","3.2","3.1","3.0","3.2","2.6","2.6","3.1","4.4","4.0","4.4"
"Nelson","wind",2016,"4.3","3.9","3.1","2.7","2.5","2.3","3.0","2.0","2.5","4.1","4.8","4.6"
"Nelson","wind",2017,"4.8","3.2","3.1","2.6","2.2","2.2","2.4","2.3","3.2","3.9","3.8","3.9"
"Nelson","wind",2018,"3.4","3.4","2.8","3.0","2.6","1.9","2.2","2.4","3.2","3.6","-","-"
"Nelson","wind",2020,"-","-","-","-","-","2.7","2.5","2.7","3.6","-","-","-"
"Northland","rain",2010,"36.1","44.2","23.5","40.4","213.8","84.65","141.9","207.9","110.2","30.6","20.8","100"
"Northland","rain",2011,"307.3","22.4","123.1","68.45","166.6","140.5","141.3","54","60.2","91.9","19.4","187.8"
"Northland","rain",2012,NA,"77.8","278.25","64.6","93.05","48.05","202.6","145.6","147.8","48.1","63.9","136.4"
"Northland","rain",2013,"5.4","14.1","23.45","112.8","130.55","145.7","80.9","164.6","174.6","30.3","60","114.9"
"Northland","rain",2014,"28.2","72.9","66.3","110.6","49.8","252.1",NA,"200.25","123.1","102.7","69.1","163.3"
"Northland","rain",2015,"20.8","60.4","65.7","56.6","146.9","77.8","125.6","167.9","132","68.2","57.6","27.7"
"Northland","rain",2016,"118.2","159.9","105.4","69.7","109.85","129.7","127.3","134.7","107.6",NA,"83.6","28.2"
"Northland","rain",2017,"45.6","126.3","215.1","230.7","98.6","147.7","147.3","158.7","120.4","67.3","89.3","20.9"
"Northland","rain",2018,"132.8","184.1",NA,NA,"123","248","78.6","104.1","87.7","60.2","111.6","152.9"
"Northland","rain",2019,"9.8",NA,"51.1","43.6","40.6",NA,"130","113.7","138.8","96.1","64.7","58.3"
"Northland","rain",2020,"11.7","6.4","45.8","41.5","149.5","158.4","344.2","187.9","41.4","72.5","92.2","17"
"Northland","soil_moisture",2010,"15","10.4","10.8","9.9","18.9","34.2","40","45.7","45.7","40","32.3","27.9"
"Northland","soil_moisture",2011,"30.5","33","33","35.8","46.4","50.3","53.6","51.5","48","47.5","39.4","40.7"
"Northland","soil_moisture",2012,"42","29.5","35.7","42.1","46.2","49.6","53.2","53.9","53.1","47.8","44.4","44.5"
"Northland","soil_moisture",2013,"36.4","22.4","15.6","21.6","34.6","43.3","46.4","47.4","48.6","43.3","36.2","35.3"
"Northland","soil_moisture",2014,"29.9","22.5","20.5","25.7","37","45.1","51.9","50.2","48.1","46.3","44.3","41.9"
"Northland","soil_moisture",2015,"33.6","29.6","26.1","26.6","37","44.9","49.5","49.4","49.1","44","41.9","36"
"Northland","soil_moisture",2016,"34.2","34.2","38","41.9","40.8","48.1","50.9","55.2","58.2","54.9","53.5","47.2"
"Northland","soil_moisture",2017,"37","34.2","49.1","55.8","57.7","62.6",NA,NA,NA,"60.1","53.9","41"
"Northland","soil_moisture",2018,"42.2","53","53.4","56.2","63.7",NA,NA,NA,"65.7","56.1","53.4","55"
"Northland","soil_moisture",2019,"34.5","19.7","16.8","18","18","34.1","43.1","51","51.1","45.7","44.4","37.7"
"Northland","soil_moisture",2020,"23","10.8","9.1","15.8","27.7","38.8","53.2","56.4","49",NA,"38.5","29.8"
"Northland","sunshine",2010,"277.6","228.4","235.2","176.5","148.2","149.8","176.4","122.7","164","231","223.8","150.7"
"Northland","sunshine",2011,"231.5","246.5","181.7","173.1","159.3","104.2","141.6","186.1","184.3","193.6","216.4","149"
"Northland","sunshine",2012,"209.3","211.3","176.9","175.3","170.1","161.3","149.9","152.8","161.6","216.1","165.6","169.4"
"Northland","sunshine",2013,"263.6","211.4","206","172.3","161.3","127.4","146.6","149.3","155.8","247.8","233.7","246.1"
"Northland","sunshine",2014,"261","169.1","216.4","189","177.6","128.7",NA,NA,"183.6","198.2","201.3","185.5"
"Northland","sunshine",2015,"289.4","199.9","190.8","185","148.4","146.9","150.2","152.9","193.6","231.7","214.6","265.7"
"Northland","sunshine",2016,"228","210.8","256.2","180.9",NA,"127.7","153.2",NA,"173.4","250.5","236.6","267"
"Northland","sunshine",2017,"286.7","208.8","188.3","157.1","155","132.3","133.9","147.9","169.7","176.6","162.1","250"
"Northland","sunshine",2018,"222.9","193.5","170","173.5","170.3","157.2","169.6","205.2","186.3",NA,"166.1","206.4"
"Northland","sunshine",2019,"278.5","195","179.2","183.4","154.2","123.1","141.6","147.6","144.4","159.2","229.1","234.2"
"Northland","sunshine",2020,"283.7","235.9","188.7",NA,"137.8","103.7","112.5","157","161.6","191.9","175.3","244.1"
"Northland","temperature",2010,"18.9","20.35","18.5","16.75","13.65",NA,"11.55","12.95","13.9","13.85","16.5","20.1"
"Northland","temperature",2011,"20.55","21.05","19.35","17.4","15.85","13.55","12.1","11.35","12.4","15.25","16.45","18.35"
"Northland","temperature",2012,"18.6","19.75","18.05","17.25","14.2","12.25","12.2","12.75","13.55","14.3","15.2","18.8"
"Northland","temperature",2013,"19.7","19.7","19.5","17.7","14.7","12.7","11.1","13.15","13.75","14.85","16.9","18.4"
"Northland","temperature",2014,NA,"19.9","18.35","17.35","14.2","13.9","11.55",NA,"13.5","14.05","15.35","18.5"
"Northland","temperature",2015,"20.55","19.9","19.65","17.4","14.65","12.5","11.25","12.15","12.65","14.45","16.55","18.35"
"Northland","temperature",2016,"20.95","21.7","20.4","17.75","17.2","13.5","12.6","12.05","14.05","15.05","16.6","18"
"Northland","temperature",2017,"19.3","21.05","19.9","18.2","14.95","12.8","11.85","13.2","13.6","15.6","16.65","19.75"
"Northland","temperature",2018,"21.85","21.4","20.2","17.65","15.05","13.1","12.3",NA,"12.85","14.7","16.6","19.05"
"Northland","temperature",2019,"21.55","20.9","19.7","16.4","15.5","12.5","12.5","12.2","13.2","14.45","17.35","18.65"
"Northland","temperature",2020,"19.6","21.3","18.65","16.95","15.35","13.65","12.6","13.25","13.55","15.95","17.4","18.75"
"Northland","wind",2010,"3.65","3.55","3.6","2.9","3.85","3.55","3.2","3.55","4.5","3.75","3.05","3"
"Northland","wind",2011,"3.65","3.1","3.05","3.4","3.25","3.55","4.4","2.95","3.85","3.7","4.25","4.3"
"Northland","wind",2012,"3.4","3.05","4.3","3.9","3.35","3.1","3.4","3.1","4.4","4.3","3.65","3.7"
"Northland","wind",2013,"4.1","3.2","3.05","2.8","3.15","3.35","2.5","3.75","4.35","3.7","3.25","3.35"
"Northland","wind",2014,"3.9","3.75","3.25","3","2.65","3.25","4.2","4.25","4.2","4.1","3.9","3.65"
"Northland","wind",2015,"2.8","2.9","3.15","3.35","3.35","3.5","3.5","3.05","3.55","3.9","3.4","3.55"
"Northland","wind",2016,"3.25","3.3","3.35","2.6","3.25","3.5","4.25","3.3","3.1","3.65","4.2","3.4"
"Northland","wind",2017,"3.7","3","2.95","2.85","3.1","2.9","3.3","3.3","3.95","3.9","3.2","3.1"
"Northland","wind",2018,"3.75","3.4","3.2","3.3","2.95","3.35","2.65","3.1","3.3","2.9","3.35","3.35"
"Northland","wind",2019,"3.4","3.05","2.6","2.75","2.8","3.1","3","4.1","3.95","4.05","3.35","3.65"
"Northland","wind",2020,"3.25","2.95","3.15","2.8","3.25","3.3","3.35","3.8","3.7","2.95","3.65","3.55"
"Otago","rain",2010,"56.75","29.05","20.35","47.75","137","47.95","13.75","44.8","43.3","26.4","29.8","83.45"
"Otago","rain",2011,"57.2","95.05","52.8","31","74.05","13.1","26.5","33.75","18.9","72.1","71.8","12.35"
"Otago","rain",2012,"63.95","95.8","59.7","12.1","27.6","37.3","38.05","31.1",NA,NA,NA,NA
"Otago","rain",2013,NA,"36.6","31.15","28.85","78.15","122.3","28.55","13.55","36.75","51.45","11.5","63.7"
"Otago","rain",2014,"48.75","35.15","39.45","50.4",NA,"12.75","18.1","28","29.8",NA,NA,"24.45"
"Otago","rain",2015,"17","44.3","44.5","43.3","34.9","95.25","12.85","34.15","16.8","53.3","29.45","26"
"Otago","rain",2016,"48.6","37.55",NA,"18.2","101.25","15.7","63.3","31.95","29.35","76.25","90.4","29.95"
"Otago","rain",2017,"97.85","19.9","44.95","56.8","36.05","34.6",NA,NA,"31.5","14.15","36.1","31.55"
"Otago","rain",2018,"55.8","120.45","51.15",NA,"28.5","25.6","31.5","21.25","44.85","56.45",NA,NA
"Otago","rain",2019,"70.35","21.2","30","50.65","50.95","22.6","30.05","28.95","25.4","69.65","64","93.65"
"Otago","rain",2020,"18.25","99.35","28.4","21.9","7.35","41.9","31.95","25.95","25.85","38.85","53.95","48.9"
"Otago","sunshine",2010,"206","246.5","181.3","141.5","97.8","77.7","95.4","109.3","152.9","245.7","222.9","228.8"
"Otago","sunshine",2011,"227.8","170.8","188.2","150.1","98.2","74.1","111.4","158.9","185","220.9","220.1","249.8"
"Otago","sunshine",2012,"262.5","163.1","185.2","173.8","112.2","97.1","64.3","129","141.5","191.9","209.6","227.5"
"Otago","sunshine",2013,"258.8","237.9","181.2","140.8","107.7","57.3","111.1","126.4","150.8","208.6","234.4","219.4"
"Otago","sunshine",2014,"270","223.1","188.4","110.1","113.3","68.5","89.6","138.9","181.3","206.4","232.4","250.1"
"Otago","sunshine",2015,"284.3","234.9","150.8",NA,"120.9","116.2","118.2","119.3",NA,"253.5","241","300.8"
"Otago","sunshine",2016,"195.5","271.3","160.9","140.1","102.3","86.2","121.9","139.7","165.2","191.9","188.7","270.1"
"Otago","sunshine",2017,"243.8",NA,"184.2","101.1","108.9","91.6","83.5","149.7","172.5","243.1","291","249.7"
"Otago","sunshine",2018,"301.1","193",NA,"149.8","99.5","65.3","113.5","108.8","150.1","196.7","206.9","216.3"
"Otago","sunshine",2019,"261.1",NA,"186.3","153.7","91.4","83.5","78.9","138.1","158.7","181.4","216.5","202.7"
"Otago","sunshine",2020,"272.2","221","152","143.8","94.1","77.8","84.8","135.5","160.3","190.5",NA,"244"
"Otago","temperature",2010,"16","16.9","14.95","12.15","7.55","3.8","3.15","6.3","8.65","11.5","15.05","16.55"
"Otago","temperature",2011,"16.25","16.05","13.95","10.6","9.35","5.35","3.75","5.45","8.65","11.1","13.05","16.75"
"Otago","temperature",2012,"16.15","15.95","12.7","11.15","7.05","3.95","3.75","6.9","9.75","10.4","11.9","16.1"
"Otago","temperature",2013,"17.05","17.05","15.75","10.85","7.35","4.65","6.15","7.8","8.65","11.75","14.6","15.75"
"Otago","temperature",2014,"15.15","16.25","14.05","11.7","8","5.7","4.7","6.05","8.45","10.9","12.35","16.15"
"Otago","temperature",2015,"18.25","15.65","14.5","10.85","7.65","5.15","4.3","5.35",NA,"11.4","12.55","15.8"
"Otago","temperature",2016,"15.8","18.85","15.1","12","9.2","5.75","4.7","5.45","9.9","12.05","13.4","15.4"
"Otago","temperature",2017,"14.8","16.25","13.6","11.85","6.4","4.8","3.85","7.6","10.15","12.15","14.95","18.05"
"Otago","temperature",2018,"20.65","15.75","15.35","11.1","6.95","3.85","5.55","6.3","8.85","11.65","13.2","16.85"
"Otago","temperature",2019,"18.1","16.4","16.45","10.4","9.05","4.85","5.3","6.55","8.65","10.35","15.05","14.75"
"Otago","temperature",2020,"17.05","17.35","13.05","11.15","7.5","4.4","4.35","7.6","8.9","12.05","14.1","15.15"
"Otago","wind",2010,"3.8","3","4.3","3.6","2.6","2.9","2.1","2.8","4.4","4","3","3.8"
"Otago","wind",2011,"4.4","3","2.9","3.2","2.9","3.1","3.6","3.2","4","3.5","4.4","2.9"
"Otago","wind",2012,"4.1","3.4","3.2","2.1","3","3.7","2.2","2.7","3.6","4.4","3.7","3.6"
"Otago","wind",2013,"3.5","2.9","2.6","2.8","2.9","3.1","2.9","2.7","3.5","3.8","3.3","3.4"
"Otago","wind",2014,"4.4","3.2","3.1","3.1","3","2.6","3.8","3.6","3","4","4.3","3.3"
"Otago","wind",2015,"3.3","3.2","2.8","3.3","3.8","4.3","3.2","2.7","3.7","4.8","3.9","4.3"
"Otago","wind",2016,"3.5","3","2.6","3.3","3.3","2.5","3.6","2.3","3.2","2.9","3.7","4.2"
"Otago","wind",2017,"4.5","2.7","2.5","2.6","2.5","2.4","2.5","2.4","3.9","3.6","3.2","3.2"
"Otago","wind",2018,"3.1","3.3","2.8","3.6","2.9","2.5","2.8","2","3.2","3.1","4.1","3.3"
"Otago","wind",2019,"3.2","3.6","2.6","2.6","3.1","2.8","2.5","3.5","3.4","4.2","3.7","3.6"
"Otago","wind",2020,"3.7","3.4","3","3.1","1.8","2.4","2.8","2.7","3.7","3.4","3.5","3.9"
"Southland","rain",2010,"116.2","65.9","121.5","206.9","60.1","68.75","61.05","55.7","183.1","69.55","27.05","93.95"
"Southland","rain",2011,"100.75","93.95","101.4","57.9","103.5","53.35","172.2","67.8","87.5","84.85","108.5","12.65"
"Southland","rain",2012,"102.1","68.25","94.85","52.7","91.65","109.6","31.8","17.05","155.5","162.15","60.7","109.9"
"Southland","rain",2013,"146.9","41.55","41.4","82.95","106.85","85.05","117.6","56.05","119.95","182","65.35","102.55"
"Southland","rain",2014,"113.9",NA,NA,NA,NA,"48.6","87.05","104.8","51.5","131.2","166.6","68.5"
"Southland","rain",2015,"51.8","95.55","75.6","115.55","104","142.7","87.15","89.3","57.55","139",NA,"67.7"
"Southland","rain",2016,"92.6","134.25","67","96.15","183.85","54.6","160.3","23.7","61.35","139.2","90.85","62.85"
"Southland","rain",2017,"136.55","49.85","37.45","48.8","73.1","73.35",NA,"52.85","116.4","41.55","71.1","64.25"
"Southland","rain",2018,NA,NA,"92.85","151.55","120.25","69.2","130.8","49","89.9","89.4",NA,NA
"Southland","rain",2019,"131.3","66.1","67.8","101.95","131.45","77.7","82.6","140.05","79.15","148.25","133.3",NA
"Southland","rain",2020,"60.4",NA,"76.25","89.65","41.3","72.85",NA,"81.55","182.15",NA,NA,NA
"Southland","sunshine",2010,"208.4","204.3","136.3","91.4","105.4","98.5","127.7","132.5","114.7","236.9","185","186.9"
"Southland","sunshine",2011,"209.5","151.1","167","132.9","72.9","53.8","99.2","128.2","143","184.8","159.7","250.9"
"Southland","sunshine",2012,"190.8","163.9","181","158.5","114.5","96","98.8","156","140.4","139.6","193.6","241"
"Southland","sunshine",2013,"240.8","179.1","170.1","124.8","95.6","77.9","92.6","119.1","150.1","163.9","190.3",NA
"Southland","sunshine",2014,"187.2","180.4","149.2","117.9",NA,"79.5","74.1","133.6","173","166.1","144.7","201.5"
"Southland","sunshine",2015,"230.2","193.6","142.2","113","95.1","73.4","110.9","130.9","147.4","184.7","217.6","214.4"
"Southland","sunshine",2016,"176.7","193","121.4","123.8","95.4","110","110.1","133.2","149.8","182.6","168.1","210"
"Southland","sunshine",2017,"162.1","206.6","152.9","123.6","107.7","107.3","114.2","122.3","132.4","227.1","222.6","224.1"
"Southland","sunshine",2018,"254.4",NA,"156.3","102.4","100.8","92.9","99","127.7","166.7","162.7",NA,NA
"Southland","sunshine",2019,"184.1","196.3","179.4","153.8","89.4","88.9",NA,"132.1","168.2","149.4",NA,NA
"Southland","sunshine",2020,"214.9","183.7","138.7","122.1","130.7","108.1",NA,"125.6","140.1","172.1",NA,"204.9"
"Southland","temperature",2010,"14.55","14.9","12.85","11.15","7.55","4.45","4.75","6.55","7.3","10.2","13.4","14.25"
"Southland","temperature",2011,"14.55","14.15","12.4","9.65","8.8","5.65","4.3","5.7","7.65","9.8","10.5","14.8"
"Southland","temperature",2012,"13.9","14.6","11.4","11.3","7.75","4.75","5.65","6.65","8.75","8.65","10.6","13.7"
"Southland","temperature",2013,"14.55","14.65","14.3","10.55","7.9","5.8","7.25","7.45","8.25","10.05","12.75","13.85"
"Southland","temperature",2014,"12.75","14.25","12.55","10.9","8","6.9","4.8","6.25","8.35","9.5","10.2","14.6"
"Southland","temperature",2015,"15.3","14.15","12.9","10.35","8.2","5.6","4.8","5.45","7.1","10.15","10.85","13.35"
"Southland","temperature",2016,"13.65","16.1","13.3","12.1","9.1","7.15","5.15","5.8","9.4","10.5","11.2","13.1"
"Southland","temperature",2017,"12.85","13.8","12.25","11","7.2","5.65","4.65","6.85","8.4","10.55","13.05","15.7"
"Southland","temperature",2018,"18.6","14.2","13.8","9.85","6.85","4.5","6.2","6.75","8","9.65","12.1","14.9"
"Southland","temperature",2019,"15.5","14.55","14.75","9.7","9.75","6.15","6.25","6.3","7.75","9.45","12.7","12.7"
"Southland","temperature",2020,"14.85","14.6","11.7","10.5","8.3","5.75","4.9","7.15","7.9","10.7","12.2","13"
"Southland","wind",2010,"4","4.1","4.9","4.2","2.65","2.6","2.25","2.35","4.45","4.1","3.55","4.5"
"Southland","wind",2011,"4.35","3.65","3.55","3.35","3.35","2.75","3.6","3.8","4.1","3.8","4.7","3.4"
"Southland","wind",2012,"5.2","3","3.05","3","2.9","3.55","2.45","2.2","3.6","5.3","4.6","4.3"
"Southland","wind",2013,"4.35","3.8","3.35","3.55","2.9","2.7","3.25","2.35","3.35","4.65","3.55","4"
"Southland","wind",2014,"5.25","3.7","3.3","3.1","3.3","2.75","2.7","3.3","3.65","4.55","4.75","3.45"
"Southland","wind",2015,"3.9","3.55","2.9","3.25","3.8","4.3","3.15","2.65","3.4","6.25","4.6","5.05"
"Southland","wind",2016,"4.1","4.1","3.2","4.15","3.35","2.8","3.6","2.5","2.9","3.2","4.45","4.85"
"Southland","wind",2017,"5.5","3.7","3.6","3.1","2.65","2.75","2.5","2.45","3.3","4.3","3.6","4"
"Southland","wind",2018,"3.45","4.15","3.55","4.1","3.05","2.25","3","2.4","3.3","3.65",NA,NA
"Southland","wind",2019,"3.3","3.4","2.2","2.1","2.7","1.9","1.7","2.6","2.7","2.9","3.6","3.3"
"Southland","wind",2020,NA,NA,NA,NA,NA,"2.85","2.6","3.05","4.25",NA,NA,NA
"Taranaki","rain",2010,"81.7","123.3","62.8","88.6","249.4","261","54.7","247.7","286.6","52.7","24.6","239.3"
"Taranaki","rain",2011,"185.7","34.5","203","148","260.9","257.8","165.8","91.4","76.15","275.7","98.8","343.5"
"Taranaki","rain",2012,"92.4","169.8","175.6","72.9","151.2","149","210","134.9","150.2","154.15","78.2","108.3"
"Taranaki","rain",2013,"68.4","46.7","71.2","129","241.1","176.1",NA,"152.9","204.1","208.6","114.9","118.9"
"Taranaki","rain",2014,"145.7","19.2","32","226.4","114.1",NA,"80.7","169.6","170","112.3","113.4","95"
"Taranaki","rain",2015,"43.5","62.1","131.4","210.1","200.2","275.5","141.9","243.3","108.4","61.4","82.7","39.9"
"Taranaki","rain",2016,"103.2","84.3","72.4","92.3","232.2","143.5","168.7","124.8","155.8","124.4","185.5","65.7"
"Taranaki","rain",2017,"103.9","86.4","117.8","270.7","164.3","81.4","250.8","253.9","220.3","58.3","57.1","39.2"
"Taranaki","rain",2018,"131.9","147.1",NA,"77.1","231.4","118.8","177.1","163.2","74.2","108.6","84.2","96.8"
"Taranaki","rain",2019,"45.2","51.5","125.7","242.3",NA,"86.7","260.7",NA,"149.9","162.2","95.7","188.1"
"Taranaki","rain",2020,"20.5","67.3","95.4","79.8",NA,NA,"152.1","138.6","166.1","148.2","304.5",NA
"Taranaki","soil_moisture",2010,"28.7","31.3","32.1","35","40.7","45.7","43.2","45.5","47.9","42.3","28.1","24.7"
"Taranaki","soil_moisture",2011,"26.9","27.5","31.5","34.7","37.9","39.7","40.9","39.3","37.7","39.6","34.5","33.3"
"Taranaki","soil_moisture",2012,"34.6","31.7","36.2","33.6","38.6","41.7",NA,"45.4","44","42.2","38.3","35.7"
"Taranaki","soil_moisture",2013,"36.2","30.9","25.2","34.2","38.8","41.7","41.8","42.4","43","42.3","40.7","38.3"
"Taranaki","soil_moisture",2014,"37.9","30.3","21.3","28.6","35.6","38.1","41.4","42.7","41.6","40.5","40.4","36.2"
"Taranaki","soil_moisture",2015,"31.7","25.3","29.4","37.7","40.9","44.8","46.3","48","46.9","40.3","39.7","36.2"
"Taranaki","soil_moisture",2016,"30.8","31.6","29.9","36.5","43.7","46.8","48.9","48.8","48.3","46.9","45.9","41.1"
"Taranaki","soil_moisture",2017,"39.5","42","41.6","47.8","52","52.3","55.4","56","55.7","49","40.9","31.9"
"Taranaki","soil_moisture",2018,"35.9","38.6",NA,NA,"49.8","51.9","53.8","54.1","51.4","48.3","46.5","44.6"
"Taranaki","soil_moisture",2019,"34.5","23.4","29.2","37.5","40.7","44.5","46.5","47.4","46.5","45.5","41.2","41.1"
"Taranaki","soil_moisture",2020,"27","19.1","25.7","31.8","35.7","39.5","41.1","41.3","41","38.9","40.9","38.5"
"Taranaki","sunshine",2010,"172.9","154.4","232.5","170.5","116.2","85.2","136.7","91.1","118.3","201.5","256.7","150.6"
"Taranaki","sunshine",2011,"246.2","185.3","200.2","141.1","89.2","86.7","128.2","133.2","168.3","114","177","176.7"
"Taranaki","sunshine",2012,"215.05","154.55","211.75","200.15","166.35","124.95",NA,"142.55","157.9","206.7","238.3","192.85"
"Taranaki","sunshine",2013,"283.25","300.7","275.65","165.9","127.7","97.25","129.25","147","162.45","187.2","236.3","227.3"
"Taranaki","sunshine",2014,"274.75","254.65","231.6","160.55","161.2","107.8","151.65","176.75","175.35","202.8","209.75","219.1"
"Taranaki","sunshine",2015,"312.85","251.2","202.6","143.95","130.7","110.45","130.5",NA,"162.35","217.9","221.05","281.35"
"Taranaki","sunshine",2016,"261.7","252.1","232.55","217.9","122.9","108.8","152.6","185.5","105.3",NA,"192.2","251.15"
"Taranaki","sunshine",2017,"228.05","189.3","177.2","156.6","143.15","150.3","118.95","153.85","156.05","201.15","276.4","304.2"
"Taranaki","sunshine",2018,NA,"188.5",NA,NA,"149.65","120.05","136.5","176.75","195.6","207.85","219.1","247.35"
"Taranaki","sunshine",2019,"299.05",NA,NA,"203.3",NA,"155.3","138.75","170.95","171.85","192.75","262.3","264.5"
"Taranaki","sunshine",2020,"300.75","259","243.05","209.05",NA,"100.9","123.55","171.1","191.45","164.45","170.25","262.15"
"Taranaki","temperature",2010,"16.3","18.15","16","14.15","11.95","9.8","8.4","9.8","11.25","11.8","14.1","16.85"
"Taranaki","temperature",2011,"17.3","18.1","16","13.5","13.75","10.65","8.5","8.8","9.8","12.5","13.3","15.85"
"Taranaki","temperature",2012,"16","16.6","14.9","13.85","10.7","9.15",NA,"10.05","10.8","11.75","12.3","16.35"
"Taranaki","temperature",2013,"17.2","16.95","16.7","15.05","11.9","9.9","9.3","11.15","11.25","12.45","14.95","15.95"
"Taranaki","temperature",2014,"15.45","17.35","15.35","15.25","11.85","11.5","8.7","9.5","11.7","11.95","12.9","16.1"
"Taranaki","temperature",2015,"18.25","17.1","16.95","14.75","11.65","10.4","8.5","9.45","9.9","11.9","12.7","15.35"
"Taranaki","temperature",2016,"17.8","19.55","17.35","14.6","13.65","10.6","9","8.8","11.6","12.4","13.65","14.55"
"Taranaki","temperature",2017,"15.4","16.95","16.85","14.5","11.2","9.3","8.8","10.05","10.7","12.8","14.45","17.55"
"Taranaki","temperature",2018,"20.5","18.6",NA,NA,"12.35","9.35","9.15","10.05","10.65","11.65","13.85","16.8"
"Taranaki","temperature",2019,"18.65","17.3",NA,NA,"13.05","9.7","10.7","10.05","11.15","12.4","14.9","16.3"
"Taranaki","temperature",2020,"17.15","18.3","15.45","13.65","11.35","10.85","9.3","9.95","10.55","12.75","14.45","15.25"
"Taranaki","wind",2010,"4.65","3.55","4.4","3.95","3.85","4.15","3.85","4.15","5.95","5","3.95","4.3"
"Taranaki","wind",2011,"4.85","3.3","3.95","4.45","4.7","4.15","4.95","3.9","4.3","4.4","5.25","4.2"
"Taranaki","wind",2012,"4.4","3.4","4.7","4","3.95","4.5",NA,"3.05","5.15","5.6","4.65","4.05"
"Taranaki","wind",2013,"4.5","4.05","3.65","4.1","3.65","4.15","3.7","4.25","5.3","5.15","4","4.25"
"Taranaki","wind",2014,"5","4.15","3.85","4.35","3.8","4.05","4.1","4.4","4.7","4.85","5.1","3.85"
"Taranaki","wind",2015,"3.5","3.95","3.75","3.95","4","5.1","4.2","4.15","4.95","4.8","4.4","4.35"
"Taranaki","wind",2016,"4.1","3.75","3.9","3.55","4.65","4.05","5.15","4","4.5","4.65","5.45","4.5"
"Taranaki","wind",2017,"5.15","3.6","3.95","3.65","4","3.5","4.45","4.1","4.75","4.65","4.3","4.05"
"Taranaki","wind",2018,"3.75",NA,NA,NA,"4.6","4","4.1","3.85","5.15","3.7","4.05","3.75"
"Taranaki","wind",2019,"4.55","4","3.35","4.35","3.8","3.7","4.1","5.1","4.55","5.1","4.35","5.2"
"Taranaki","wind",2020,"4.55","3.8","4.15","3.75","3.4","4.35","3.65","3.85","5.15","3.8","4.7","4.9"
"Tasman","rain",2010,"111.4","34.3","35.8","37.3","153.2","138.7","27.3","118.6","153.9","16.4","15.4","225.5"
"Tasman","rain",2011,"52.6","9.5","54.6","96.7","256.7","163.9","103.6","19.1","42.2","193.2","95.8","434.9"
"Tasman","rain",2012,"21.7","100.9","55.7","68.4","33.3","243.6","63.6","145.1","171.4","77.8","23.6","53"
"Tasman","rain",2013,"171.7","25.5","115.2","239.9","94.9","187","32","67.7","107.9","86.9","51.5","98.6"
"Tasman","rain",2014,"69.2","28.7","100.3","188","72","159.1","54","23.3","114.9","53.2","24.7","128.8"
"Tasman","rain",2015,NA,NA,NA,NA,"35.05","112.2","76.25","53","58.1","33.85","34.25","59.75"
"Tasman","rain",2016,"161.2","159.6","153.45","49.65","149.45","129.4","102.75","51.2","39.5","170.75","124.6","79.65"
"Tasman","rain",2017,"79.4","33","89.65","185.9","134.1","66.4","149.85","111.05","88.6","86.95","21.7","14.15"
"Tasman","rain",2018,"268.5","224.15","92.15","76.55","100.75","32.75","91.7","97.55","24.35","79.9","30.8","71.1"
"Tasman","rain",2019,"5.5","2.2","83.55","36.55","151.95","31.25","180.5","78.9","122.45","87.9","71.5","156.85"
"Tasman","rain",2020,"3.75","23.85","43.05","42.2","81.85","59.5","55.2","93.6","78.05","55.5","245.9","90.2"
"Tasman","soil_moisture",2015,NA,NA,NA,NA,"25.2","28.6","28.3","28.5","27.8","14.2","12.6","12.7"
"Tasman","soil_moisture",2016,"14.3","14.4","16","22.3","23.1","35.4","34.2","35.9","32.2","36.3","37","21.4"
"Tasman","soil_moisture",2017,"17.4","16.3","16.4","25.5","33.2","32.4","40","42.7","40.4","33.9","14.8","11.6"
"Tasman","soil_moisture",2018,"23.1","53","34.6","31.4","33.5","31.6","35.2","37.2","31.6","20.5","19.4","14.6"
"Tasman","soil_moisture",2019,"11.2","8.6","9.9","10.1","12","18.1","27.7","29.4","34.7","29","20.2","20.1"
"Tasman","soil_moisture",2020,"14.9","9.9","9","9.7","11.5","16.5","21","25.6","26.6","21.4","29.5","21.1"
"Tasman","sunshine",2015,NA,NA,NA,NA,"211.9",NA,"205.6","183.6","237.2","289.3","282.4","292.7"
"Tasman","sunshine",2016,"275.5","298.2","283.9","265.3","168.7","151.9","195.9","219","202.8","262","234.3","289.7"
"Tasman","sunshine",2017,"262.5","245.2","216.8","165.3","202.8","190.5","150.3",NA,"204","248.2","259.6","338.1"
"Tasman","sunshine",2018,"239.7","232.1","238.7","189.6","171.6","174.3","155.1","191.7","239.7","245.8","245.6","238.1"
"Tasman","sunshine",2019,"356.2","289.3","213.8","222.9","200.1","167.7","152.7","216.5","214.5","280.8","274.8","278.3"
"Tasman","sunshine",2020,NA,"273.7","236.4","232.4","189.2","140.5","172.7","197","233.1","210.4","183.6","264.7"
"Tasman","temperature",2015,NA,NA,NA,"13.8","10","8.4","7","8.3","9.9","13.3","13.8","16.6"
"Tasman","temperature",2016,"18.7","19.8","17.1","13.9","11.9","9.2","7.6","7.7","11","13.1","14.8","16"
"Tasman","temperature",2017,"17.2","17.7","17.2","14.1","10.2","8.2","7.8","9.3","11.4","14.2","15.6","19.2"
"Tasman","temperature",2018,"21.3","18.8","17.4","13.9","11.5","8.1","8","10","11","13.4","14.9","17.9"
"Tasman","temperature",2019,"20.5","18.5","17.9","13.6","11.8","7.8","8.4","8.4","10.2","12.1","15","16.4"
"Tasman","temperature",2020,"18","18.7","15.6","13.1","10.4","9.9","7.9","9.5","10.3","12.8","14.9","16.1"
"Tasman","wind",2015,NA,NA,NA,"3.2","3.1","3.2","2.9","2.9","3.4","4.3","4","4.5"
"Tasman","wind",2016,"4.3",NA,"3.2","3","2.7","2.5","3.1","2.4","2.6","4.1","4.7","4.5"
"Tasman","wind",2017,"4.7","3.3","3.2","2.8","2.4","2.4","2.8","2.5","3.4","4.1","4","4.2"
"Tasman","wind",2018,"3.6","3.7","3.1","3.3","2.9","2.3","2.5","2.8","3.3","3.8","4.2","3.5"
"Tasman","wind",2019,"4.7","4.4","3.5","3.1","3.2","2.8","3","3.5","3.8","4.5","4.6","5.3"
"Tasman","wind",2020,"4.1","4.3","3.2","3.1","2.7","2.6","2.6","2.6","3.5","3.8","3.9","4.1"
"Waikato","rain",2010,"152.6","38.1","17.7","34.3","134.7","249.6","62.2","232.45","275.6","36.7","23","139.5"
"Waikato","rain",2011,"233.3","22.5","186.1","111.2",NA,NA,NA,NA,"62","175.8","56.7","219.95"
"Waikato","rain",2012,"92.3","106.2","98","44.5","120.2","104.3","195.7","149.45","121.55","125.5","46.25","119.5"
"Waikato","rain",2013,"21.5","26.8","31.05","134.1","166.35","144.75","47.3","82.2","150.5","86.8","93.5","94.2"
"Waikato","rain",2014,"33.5","15.8","12.8","161.8","81","178.3",NA,NA,"132.7",NA,"86.6","105.6"
"Waikato","rain",2015,"26.6","62.1","75.9","176.7","131.4","111.4","154.7","157.9","126.3","52.5","109.4","38.2"
"Waikato","rain",2016,NA,"75.7","40.3","44.6","159.4","147.3","181.4","115",NA,"113.3",NA,"49.8"
"Waikato","rain",2017,"87.2","137.1","203.2",NA,"142.4","63.5","172.6","176.9",NA,"113.1","97.7","34.3"
"Waikato","rain",2018,"147.6","185.8","101","132.2","147.5","126.4","125.1","148","48.7","65.9","88.2","153.8"
"Waikato","rain",2019,"63","42.1","64.5","93.5","77","83.6","149.4","145.7","119.5","82.3","78.5","100.2"
"Waikato","rain",2020,"25.7","10.7","63.35","72.7","91.2","128.2","110.1",NA,"100.5","78.9","210.6","60.5"
"Waikato","soil_moisture",2010,"32.6","35.3","31.1","29.6","46.3","64.4","62.2","64.8","65.2","62.8","45.3","38.8"
"Waikato","soil_moisture",2011,"43.8","46.6","49.8","56.6","63.8",NA,NA,NA,"63.7","64.4","57.5","54.6"
"Waikato","soil_moisture",2012,"55","42.6","55.5","50.1","61.5","64.2","64.7","64.9","65.1","64.2","55.4","50.1"
"Waikato","soil_moisture",2013,"45.5","32.5","18.8","33.3","58.1","63.5","62.8","62.3","62.1","61.2","52","48.6"
"Waikato","soil_moisture",2014,"42.9","35.5","23.7","36.3","52.4","60.1","60.3","60.9","60.8","59.4","55.7","51.3"
"Waikato","soil_moisture",2015,"39.2","43.5","41.5","55.1","59.8","64","64","65.2","65.1","58.9","54","43.1"
"Waikato","soil_moisture",2016,"37.9","42","41.1","51.4","57.4","60.6","65","64.8","64.5","62.2","58.1","47.2"
"Waikato","soil_moisture",2017,"43.4","47.9","55.6","60.6","62.7","62.2","64.6","64.9","64.6","60.7","54.8","42.1"
"Waikato","soil_moisture",2018,"51.9","57.1","57.7","59.5","63.5","64.7","65.2","64.9","63.7","60.4","59.2","58.1"
"Waikato","soil_moisture",2019,"51","36.6","46.9","51.3","56.2","64.7","64.3","65","62.4","61.4","53.6","52"
"Waikato","soil_moisture",2020,"43.1","25.5","33.3","41.6","50.9","57.3","60.1","58.2","56.8","54.4","54.9","50.8"
"Waikato","sunshine",2010,"214.7","181.1","236.2","187.4","135.7","95.5","164.6","92.9","92.9","227.5","264.3","196"
"Waikato","sunshine",2011,"259.3","203.4","195.6","161",NA,NA,NA,NA,NA,"128.6","221","156.8"
"Waikato","sunshine",2012,"190","134.3","193.8","200.6","162.1","143.7","139.8","118.6","137","188.1","226.2","175.6"
"Waikato","sunshine",2013,"266.7","269.8","245.4","144.6","129.7","121.6","166.1","102.8","139.8","202.4","245.3","198.8"
"Waikato","sunshine",2014,"266.7","229","243.6","126.5","154.7","110.4","155.4","178.5","153.3","182.5","194.7","183.3"
"Waikato","sunshine",2015,"303.3","219.6","171.5","136.8","144.1","124.4","151.2","127","175.2","207","237.7","261"
"Waikato","sunshine",2016,"230.3","189.4","191.4","167.1","90.8","116.3","134.5","172.1","100.2","157","165.4","236.3"
"Waikato","sunshine",2017,"232.3","173.8","180.1","139.6","145.4","158","112.3","115.8","129.8","173.5","190","231"
"Waikato","sunshine",2018,"136.1","138.9","172.2",NA,"132.8","101.4","91.8","88.4","131.9","150.4","136.3","146.1"
"Waikato","sunshine",2019,"167.6","175.7",NA,"201.9","151.1","142.1","117.3","143.7","164.5","198.3","285.7","247.2"
"Waikato","sunshine",2020,"323.6","261.3",NA,"195.8","187.7","92.4","125.6","151.2","194.7","160.1","194.7","266"
"Waikato","temperature",2010,"17.35","19.45","15.6","13.4","10.8","8.4","6.95","8.75","10.5","11.8","14.85","18.1"
"Waikato","temperature",2011,"18.05","19.2","15.8","12.85",NA,NA,NA,NA,"9","12.85","13.9","16.5"
"Waikato","temperature",2012,"17","17.1","15.1","13.3","9.6","8","7.4","9.2","10.15","11.45","12.7","17.5"
"Waikato","temperature",2013,"17.25","17.65","17.2","14.5","10.95","8.3","8","9.8","10.9","12.65","15.45","16.35"
"Waikato","temperature",2014,"16.05","18","15.6","15.05","10.5","9.8","7.4","7.95","10.7","11.75","12.75","16.15"
"Waikato","temperature",2015,"18.6","17.2","16.6","13.45","10.25","8.9","7.1","7.9","9.45","12.1","13.45","15.75"
"Waikato","temperature",2016,"18.6","20.05","17.25","13.75","12.65","9.2","7.6","7.8","11.3","12.25","13.8","15.4"
"Waikato","temperature",2017,"16.1","18","17.2","13.9","9.9","8.15","7.85","9.4","10.7","12.4","14.85","17.85"
"Waikato","temperature",2018,"20.35","18.05","16.8","13.75","11.45","8.35","8","8.9","10.4","11.95","14.15","17.45"
"Waikato","temperature",2019,"19.55","18.6","17.95","12.55","11.2","7.85","8.9","8.95","10.3","12.05","15.35","16.7"
"Waikato","temperature",2020,"17.25","18.9","15.45","13.15","9.9","10.05","8.45","9.15","10.6","13.15","14.85","16.1"
"Waikato","wind",2010,"2.9","2.2","2.9","2.3","2.3","2.7","2.55","2.4","3.95","3.45","2.6","2.95"
"Waikato","wind",2011,"2.9","2.2","2.25","2.75",NA,NA,NA,NA,"3","2.85","3.95","2.65"
"Waikato","wind",2012,"3.3","2.2","3.05","2.3","2.55","3.05","2.25","2.1","3.55","4.05","3.2","2.8"
"Waikato","wind",2013,"3.05","2.45","2.1","2.35","2.1","2.2","2.2","2.7","3.55","3.6","2.75","2.8"
"Waikato","wind",2014,"3.35","2.85","2.8","2.35","2.35","2.4","3.2","3.4","3.2","3.8","4","2.95"
"Waikato","wind",2015,"2.4","2.65","2.35","2.5","2.8","3.65","3","2.5","3.15","3.6","3.2","3.3"
"Waikato","wind",2016,"2.75","2.6","2.6","1.95","2.8","2.45","3.95","2.65","3.05","3.35","4.05","3.3"
"Waikato","wind",2017,"3.65","2.5","2.6","2.15","2.75","2.35","2.65","2.4","3.3","3.55","3","2.95"
"Waikato","wind",2018,"2.6","2.5","2.45","3","2.65","2.8","2.6","2.35","3.05","2.65","2.75","2.7"
"Waikato","wind",2019,"3.25","2.65","2","2.4","2.4","2.4","2.6","3.7","3.5","3.9","3.05","3.15"
"Waikato","wind",2020,"3.2","2.55","2.65","2.55","2.15","2.4","2.6","2.65","3.8","2.45","3.2","3.1"
"Wellington","rain",2010,"133.5","19.9","53.7","20.5","150.4","146.8","89","146.3","144.9","66.7","29.9","63.5"
"Wellington","rain",2011,"88.6","15","95.1","120","78.35","76.7","95.2","99.5","50.9","102.3","66.5","119.1"
"Wellington","rain",2012,"94.5","44.1","126.6","44.85","76.4","87.4","114.2","102.2","58.3","47.9","27.5","46.1"
"Wellington","rain",2013,"49.7","46.4","72.5","76.95","94.55","168","97","71.6","107.5","122.95","84.15","21.1"
"Wellington","rain",2014,"59.1","14.9","41.5","158.85","53.9","66.2","92.1","97.95","96.3",NA,"54.8","54.7"
"Wellington","rain",2015,"10.7","28.7",NA,"108.6","92.4","104.8","82.5","83.4","93.3","36.7","41.3","31"
"Wellington","rain",2016,"88.1","20.8","25.2","32.3","144.5","85.2",NA,"99.9","90","72.6","131","57"
"Wellington","rain",2017,"53.7","90.7","84.5","189.6","79.2","64.9","164.9","89.2","74.9","49.4","9.5","46.4"
"Wellington","rain",2018,"60.4","109","84.9","92.2",NA,"131.6","95.1",NA,"70","66","130","102.7"
"Wellington","rain",2019,"18.6","38","41.8","124.6","51.3","82.95","101.45","75.65",NA,NA,NA,"78.3"
"Wellington","rain",2020,"20.4","18.8","141.75","12.25","93.45","148.45","65.35","39.1","147.25","56.4","193.85","58.15"
"Wellington","temperature",2010,"16.85","17.85","16.15","14.45","11.85","9.3","7.6","10.25","11.8","11.6","14.8","17.7"
"Wellington","temperature",2011,"18","18.85","16.1","13","13.3","10.15","8.75","8.4","9.7","12.65","13.75","15.75"
"Wellington","temperature",2012,"16.5","16.35","14.75","13.55","10.3","8.5","8.9","9.85","11.05","12.65","13.15","17.55"
"Wellington","temperature",2013,"18.35","17.8","17.05","15.05","11.8","9.65","9.55","10.7","11.4","13.15","15.1","17.3"
"Wellington","temperature",2014,"16.8","17.35","15.7","14.9","11.95","10.75","8.6","8.75","11.2","12.3","14.05","16.15"
"Wellington","temperature",2015,"18.85","17.3","17","14.3","11.65","9.5","8.35","9.2","9.65","12.7","13.45","15.55"
"Wellington","temperature",2016,"18.35","20.25","17.4","14.35","13.75","10.8","9.45","8.65","11.2","12.8","14.6","15.8"
"Wellington","temperature",2017,"17.3","17.45","15.95","14.25","11","9.05","8.35","10.5","11.5","13.35","14.8","18.3"
"Wellington","temperature",2018,"21.05","19.15","17.15","13.85","11.95","9.2","9.55","10.2","10.7","12.45","14.5","17.1"
"Wellington","temperature",2019,"19.65","18","17.4","13.2","13.1","9.45","10.15","9.15","10.6","12.1","15.8","16.65"
"Wellington","temperature",2020,"17.55","19.3","16.05","14.05","11.4","10.45","8.75","10.1","11.2","13.3","14.3","16.25"
"Wellington","wind",2010,"5.9","4.65","5.2","5","4.6","4.85","4.1","5.4","6.25","5.55","5.05","5.55"
"Wellington","wind",2011,"5.65","5","4.95","5.2","4.55","4.35","5.8","4.95","4.55","5.15","5.65","4.7"
"Wellington","wind",2012,"5.85","4.4","5.5","4.4","4.7","5.65","4.05","3.3","5.3","5.95","5.15","5.55"
"Wellington","wind",2013,"5.65","4.7","4.3","4.7","4.5","4.95","5.1","4.1","5.75","6.3","5","5.35"
"Wellington","wind",2014,"6.15","5.2","5.15","5.2","5.25","4.05","5.75","5.35","5.25","5.55","6.7","5.1"
"Wellington","wind",2015,"4.75","5.6","4.9","5.65","5.5","5.6","5.7","5.3","5.8","5.7","5.85","5.2"
"Wellington","wind",2016,"5.65","5.35","4.85","4.25","5.6","4.6","5.4","4.25","5.45","5.55","6.35","5.45"
"Wellington","wind",2017,"6.45","5","5.05","4.55","5.1","4.45","5.35","5.2","5.55","4.5","4.7","5.7"
"Wellington","wind",2018,"4.75","5.4","5.1","5.35","5.4","4.45","4.85","4.65","5.65","5.3","5.25","4.5"
"Wellington","wind",2019,"5.6","5.7","4.45","5.5","4.9","4.65","4.75","5","5","5.7","5.9","5.95"
"Wellington","wind",2020,"5.35","5.5","5.3","4.8","4.45","4.5","4.35","4.3","6.45","5.45","5.7","5.85"
"West_Coast","rain",2010,"192.1","131.6","136.35","181.9","112.65","190.7","134","183.25","340.8","116.9","48","288.8"
"West_Coast","rain",2011,"181.2","109.1","161.05","216.4","327.05","153.65","170.7","66.65","126.8","167.3","213.6","226.3"
"West_Coast","rain",2012,"179.9","139.9","98.6","119.1","127.7","311.25","157.4","134.5","256.3","315.95","76.6","198.1"
"West_Coast","rain",2013,"211.15","39.8","77.05","257.35","138.4","264","178.1","160.1","208.8","323.7","85.5","166.4"
"West_Coast","rain",2014,"170.1","86.1",NA,NA,"258.8","294.6","152.8","139.7","165.2",NA,"251.2","268.2"
"West_Coast","rain",2015,"77","86.3","300","301.4","231.3","284","206.8","240","114.7","224.6","113.1","200.4"
"West_Coast","rain",2016,"248.2","125.1","223.5","117.2","424.8","232.8","288.5","115.3","179.7","174.1","223.6","260.6"
"West_Coast","rain",2017,"319.1","122","148.7","235.9","186.1","145.4","194.5","238.4","236.3","159.9","67.9","82.2"
"West_Coast","rain",2018,"208.3","245","171.8",NA,"223.3","92.7","285.7","174.6","80.6","92.5","178.3","123.2"
"West_Coast","rain",2019,"110.3","88.7","235.4","148.8",NA,"104.9","233.1","280.3","203.2","242.6","208.9","242.1"
"West_Coast","rain",2020,"96","133.7","141.2","183","173.3","116.2","163.5",NA,"255.2","315.2","222.9","232.6"
"West_Coast","soil_moisture",2010,"34.5","25.3","31","34.9","36.8","38","37.2","39","40.4","37.4","29.9","29.1"
"West_Coast","soil_moisture",2011,"31.5","34.7","35.8","37.6","40.4","40.9","40.4","39.1","39.8","39.5","40.7","34.4"
"West_Coast","soil_moisture",2012,"28.9","30.3","35.7","34.7","37.8","41.3","38.6","38.3","40.4","41.3","35.3","35.1"
"West_Coast","soil_moisture",2013,"36.6","24.4","20.4","34.1","35.8","38","38.5","38.8","39.4","40.3","33.2","36.3"
"West_Coast","soil_moisture",2014,"37.8","34.4","36.1","37.2","40","40.7","40.4","40","38.3","39.3","40.1","39.6"
"West_Coast","soil_moisture",2015,"32","26.4","31.9","36.9","37.8","39.5","39.5","40","38.1","38.2","36.2","37"
"West_Coast","soil_moisture",2016,"36.6","30.8","35.9","37.4","40.5","40.1","40.7","39.5","39.3","39.8","40.5","39.1"
"West_Coast","soil_moisture",2017,"40.7","38.3","36.3","39.9","41","40.7","42.7","42.7","42.1","41","34.3","24.8"
"West_Coast","soil_moisture",2018,"32","33.7","34.3","37.7","38.3","36.3","39.5","38.9","37","37.5","36.4","30.9"
"West_Coast","soil_moisture",2019,"26.5","33.7","36","36.3","38.5","39.3","40.2","41.3","39.7","40.6","39.4","37.7"
"West_Coast","soil_moisture",2020,"32.8","35.2","37.9","39.2","39.6","39.9","40.9","41.3","41.7","41.2","39.3","39.7"
"West_Coast","sunshine",2010,"223.1","225","158.3","121.2","128.5","101.6","157.3","160.5","108.9","209.6","220.1","201.8"
"West_Coast","sunshine",2011,"221","196.4","234.1","153.9","76.8","99.1","110.4","149.6","165.5","155.2","173.1","238.4"
"West_Coast","sunshine",2012,"239.3","185","209.4","176.1","143.1","101.6","147","167.8","151.3","162.7","247.2","230.3"
"West_Coast","sunshine",2013,"261.9","244.8","219.2","133","154.6","102.4","116.1","127.2","156.6","119.9","222.7","217.3"
"West_Coast","sunshine",2014,"207.5","196.1","222.4",NA,"112","80.1","132.8","182.2","184.9","194.6","178.9","210.4"
"West_Coast","sunshine",2015,"286","247.1","201.9","135.7","114.2","96.4","144.9","139.1","192.3","186.2","200.3","229.9"
"West_Coast","sunshine",2016,"162.1","232.3","182.3","158.3","78.2","117.9","115.4","155.2","173.7","195.9","142.4","210.8"
"West_Coast","sunshine",2017,"149.2","223.4","176.4","163.1","118.6","102.9","128.2","142.1","147.1","158.1","253","304.4"
"West_Coast","sunshine",2018,"217.6","186.9","169.8","115.7","115","120.1","82.7","155.5","191.6","165","219.1","229.4"
"West_Coast","sunshine",2019,"217.8","239.1","181","209.6",NA,NA,NA,"140.1","153.1","186.6","159.3","183.3"
"West_Coast","sunshine",2020,"201.9","176.4","201.3","161.3","133.7","119.1","118.5","148.4","159.8",NA,"189.8","183.7"
"West_Coast","temperature",2010,"16.1","17.45","14.85","13.8","11.6","9.6","8.9","10.35","10.25","11.45","14.15","15.95"
"West_Coast","temperature",2011,"16.85","16.15","15.15","13.2","12.9","10.4","8.1","8.5","9.6","12.45","12.6","16.1"
"West_Coast","temperature",2012,"15.65","16.95","15","13.95","10.8","8.75","9.5","10.6","10.75","11.05","12.4","15.25"
"West_Coast","temperature",2013,"15.6","16.6","16.4","14.05","11.65","9.85","9.2","10.95","11","11.7","15.2","15.7"
"West_Coast","temperature",2014,"14.75","16.4","14.8","14.65","11.45","10.85","8.5","9","11.1","11.6","12","15.85"
"West_Coast","temperature",2015,"17.2","16.2","16.8","14.3","11.05","9.3","7.7","9","10.15","11.55","12.9","13.9"
"West_Coast","temperature",2016,"16.9","18.35","16.45","13.5","12.25","10.3","8.7","8.5","11.25","12","13","13.9"
"West_Coast","temperature",2017,"14.5","16.25","15.85","14.2","11.45","9.45","8.6","10.55","10.85","12.55","14.45","17.2"
"West_Coast","temperature",2018,"20.05","17.85","17.05","12.85","11.15","9.2","9","9.55","10.35","11.75","13.9","16.9"
"West_Coast","temperature",2019,"16.8","16.6","16.95","13.55","12.5",NA,"9.35",NA,"10.2","11.25","13.65","14.65"
"West_Coast","temperature",2020,"15.75","16.6","15.15","12.6","11.45","10.75","9.3","10.7","10.75","12.15","14.45","14.95"
"West_Coast","wind",2010,"4.15","3.7","3.65","3.9","3.95","4.15","3.5","3.9","5.35","4.05","3.85","4.35"
"West_Coast","wind",2011,"4.45","3.5","3.7","3.9","4.3","3.55","4.95","3.35","3.8","4.35","4.8","3.9"
"West_Coast","wind",2012,"4.3","3.65","4.1","3.8","3.5","4.75","4.25","3.6","4.8","5.5","4.35","3.8"
"West_Coast","wind",2013,"4.25","3.5","3.5","3.75","3.75","4.15","3.8","3.85","4.45","4.8","3.8","3.95"
"West_Coast","wind",2014,"4.45","3.55","3.35","4.4","3.9","4.45","4","3.8","4.15","4.85","4.85","3.85"
"West_Coast","wind",2015,"3.55","3.65","3.8","4.15","3.95","4.6","3.55","4","4.1","4.65","4.05","4"
"West_Coast","wind",2016,"3.8","3.6","3.6","3.5","4.2","3.75","4.9","3.9","4","4.25","4.85","4.45"
"West_Coast","wind",2017,"4.6","3.55","3.7","3.6","4.05","3.55","3.9","4","4.1","4.15","3.95","3.7"
"West_Coast","wind",2018,"3.65","4.4","4.05","4.25","4.05","3.8","4.1","3.55","3.9","3.65","4.35","4"
"West_Coast","wind",2019,"3.9","3.7","3.35","3.95","3.95","3.45","3.55","4.05","4.45","4.5","4.3","4.65"
"West_Coast","wind",2020,"3.65","3.9","3.75","3.5","3.35","3.95","4.05","3.6","5.1","4.2","4.45","4.25"
